INFO: distributing menu...
INFO: loading resource information from JSON: /home/bergauer/github/cms-l1-globaltrigger/tm-vhdlproducer/tmVhdlProducer/config/resource_default.json
INFO: :: listing resources...
INFO: thresholds:
INFO:  * floor: brams=14.69%, sliceLUTs=9.03%, processors=0.00%
INFO:  * ceiling: brams=100.00%, sliceLUTs=90.00%, processors=100.00%
INFO: instances:
INFO:  * MuonCondition[ muon ]: brams=0.00%, sliceLUTs=0.00%, processors=0.00%
INFO:  * MuonCondition[ muon, muon ]: brams=0.00%, sliceLUTs=0.00%, processors=0.00%
INFO:    * tbpt: brams=0.00%, sliceLUTs=0.08%, processors=0.33%
INFO:    * chgcor: brams=0.00%, sliceLUTs=0.00%, processors=0.00%
INFO:  * MuonCondition[ muon, muon, muon ]: brams=0.00%, sliceLUTs=0.00%, processors=0.00%
INFO:    * chgcor: brams=0.00%, sliceLUTs=0.00%, processors=0.00%
INFO:  * MuonCondition[ muon, muon, muon, muon ]: brams=0.00%, sliceLUTs=0.00%, processors=0.00%
INFO:    * chgcor: brams=0.00%, sliceLUTs=0.00%, processors=0.00%
INFO:  * CaloCondition[ calo ]: brams=0.00%, sliceLUTs=0.00%, processors=0.00%
INFO:  * CaloCondition[ calo, calo ]: brams=0.00%, sliceLUTs=0.00%, processors=0.00%
INFO:    * tbpt: brams=0.00%, sliceLUTs=0.05%, processors=0.33%
INFO:  * CaloCondition[ calo, calo, calo ]: brams=0.00%, sliceLUTs=0.00%, processors=0.00%
INFO:  * CaloCondition[ calo, calo, calo, calo ]: brams=0.00%, sliceLUTs=0.39%, processors=0.00%
INFO:  * CaloCondition[ calo, calo, calo, calo, calo ]: brams=0.00%, sliceLUTs=0.00%, processors=0.00%
INFO:  * CaloCondition[ calo, calo, calo, calo, calo, calo ]: brams=0.00%, sliceLUTs=0.00%, processors=0.00%
INFO:  * CaloCondition[ calo, calo, calo, calo, calo, calo, calo ]: brams=0.00%, sliceLUTs=0.00%, processors=0.00%
INFO:  * CaloCondition[ calo, calo, calo, calo, calo, calo, calo, calo ]: brams=0.00%, sliceLUTs=0.00%, processors=0.00%
INFO:  * CaloCondition[ calo, calo, calo, calo, calo, calo, calo, calo, calo ]: brams=0.00%, sliceLUTs=0.00%, processors=0.00%
INFO:  * CaloCondition[ calo, calo, calo, calo, calo, calo, calo, calo, calo, calo ]: brams=0.00%, sliceLUTs=0.00%, processors=0.00%
INFO:  * CaloCondition[ calo, calo, calo, calo, calo, calo, calo, calo, calo, calo, calo ]: brams=0.00%, sliceLUTs=0.00%, processors=0.00%
INFO:  * CaloCondition[ calo, calo, calo, calo, calo, calo, calo, calo, calo, calo, calo, calo ]: brams=0.00%, sliceLUTs=0.00%, processors=0.00%
INFO:  * CaloConditionOvRm[ calo, calo ]: brams=0.00%, sliceLUTs=0.00%, processors=0.00%
INFO:    * deta: brams=0.00%, sliceLUTs=0.00%, processors=0.00%
INFO:    * dphi: brams=0.00%, sliceLUTs=0.00%, processors=0.00%
INFO:    * dr: brams=0.00%, sliceLUTs=0.00%, processors=0.00%
INFO:  * CaloConditionOvRm[ calo, calo, calo ]: brams=0.00%, sliceLUTs=0.13%, processors=0.00%
INFO:    * deta: brams=0.00%, sliceLUTs=0.00%, processors=0.00%
INFO:    * dphi: brams=0.00%, sliceLUTs=0.00%, processors=0.00%
INFO:    * dr: brams=0.00%, sliceLUTs=0.00%, processors=0.00%
INFO:    * tbpt: brams=0.00%, sliceLUTs=0.05%, processors=0.00%
INFO:  * CaloConditionOvRm[ calo, calo, calo, calo ]: brams=0.00%, sliceLUTs=0.00%, processors=0.00%
INFO:    * deta: brams=0.00%, sliceLUTs=0.00%, processors=0.00%
INFO:    * dphi: brams=0.00%, sliceLUTs=0.00%, processors=0.00%
INFO:    * dr: brams=0.00%, sliceLUTs=0.00%, processors=0.00%
INFO:  * CaloConditionOvRm[ calo, calo, calo, calo, calo ]: brams=0.00%, sliceLUTs=0.00%, processors=0.00%
INFO:    * deta: brams=0.00%, sliceLUTs=0.00%, processors=0.00%
INFO:    * dphi: brams=0.00%, sliceLUTs=0.00%, processors=0.00%
INFO:    * dr: brams=0.00%, sliceLUTs=0.00%, processors=0.00%
INFO:  * CorrelationCondition[ calo, calo ]: brams=0.00%, sliceLUTs=0.00%, processors=0.00%
INFO:    * deta: brams=0.00%, sliceLUTs=0.00%, processors=0.00%
INFO:    * dphi: brams=0.00%, sliceLUTs=0.00%, processors=0.00%
INFO:    * dr: brams=0.00%, sliceLUTs=0.01%, processors=0.00%
INFO:    * tbpt: brams=0.00%, sliceLUTs=0.00%, processors=0.00%
INFO:    * mass: brams=0.00%, sliceLUTs=0.01%, processors=0.00%
INFO:    * massdr: brams=0.00%, sliceLUTs=0.00%, processors=0.00%
INFO:  * CorrelationCondition[ calo, muon ]: brams=0.00%, sliceLUTs=0.00%, processors=0.00%
INFO:    * deta: brams=0.00%, sliceLUTs=0.00%, processors=0.00%
INFO:    * dphi: brams=0.00%, sliceLUTs=0.00%, processors=0.00%
INFO:    * dr: brams=0.00%, sliceLUTs=0.01%, processors=0.00%
INFO:    * tbpt: brams=0.00%, sliceLUTs=0.00%, processors=0.00%
INFO:    * mass: brams=0.00%, sliceLUTs=0.01%, processors=0.00%
INFO:    * massdr: brams=0.00%, sliceLUTs=0.00%, processors=0.00%
INFO:  * CorrelationCondition[ calo, esum ]: brams=0.00%, sliceLUTs=0.00%, processors=0.00%
INFO:    * dphi: brams=0.00%, sliceLUTs=0.00%, processors=0.00%
INFO:    * tbpt: brams=0.00%, sliceLUTs=0.00%, processors=0.00%
INFO:    * mass: brams=0.00%, sliceLUTs=0.01%, processors=0.00%
INFO:  * CorrelationCondition[ muon, esum ]: brams=0.00%, sliceLUTs=0.00%, processors=0.00%
INFO:    * dphi: brams=0.00%, sliceLUTs=0.00%, processors=0.00%
INFO:    * tbpt: brams=0.00%, sliceLUTs=0.00%, processors=0.00%
INFO:    * mass: brams=0.00%, sliceLUTs=0.00%, processors=0.00%
INFO:  * CorrelationCondition[ muon, muon ]: brams=0.00%, sliceLUTs=0.00%, processors=0.00%
INFO:    * deta: brams=0.00%, sliceLUTs=0.00%, processors=0.00%
INFO:    * dphi: brams=0.00%, sliceLUTs=0.00%, processors=0.00%
INFO:    * dr: brams=0.00%, sliceLUTs=0.01%, processors=0.00%
INFO:    * tbpt: brams=0.00%, sliceLUTs=0.00%, processors=0.00%
INFO:    * mass: brams=0.00%, sliceLUTs=0.01%, processors=0.00%
INFO:    * massupt: brams=0.00%, sliceLUTs=0.00%, processors=0.00%
INFO:    * massdr: brams=0.00%, sliceLUTs=0.00%, processors=0.00%
INFO:    * chgcor: brams=0.00%, sliceLUTs=0.00%, processors=0.00%
INFO:  * Correlation3Condition[ calo, calo, calo ]: brams=0.00%, sliceLUTs=0.00%, processors=0.00%
INFO:    * mass: brams=0.00%, sliceLUTs=0.00%, processors=0.00%
INFO:  * Correlation3Condition[ muon, muon, muon ]: brams=0.00%, sliceLUTs=0.19%, processors=0.00%
INFO:    * mass: brams=0.00%, sliceLUTs=0.00%, processors=0.06%
INFO:  * CorrelationConditionOvRm[ calo, calo ]: brams=0.00%, sliceLUTs=0.00%, processors=0.00%
INFO:    * deta: brams=0.00%, sliceLUTs=0.00%, processors=0.00%
INFO:    * dphi: brams=0.00%, sliceLUTs=0.00%, processors=0.00%
INFO:    * dr: brams=0.00%, sliceLUTs=0.00%, processors=0.00%
INFO:    * tbpt: brams=0.00%, sliceLUTs=0.00%, processors=0.00%
INFO:    * mass: brams=0.00%, sliceLUTs=0.01%, processors=0.00%
INFO:  * CorrelationConditionOvRm[ calo, calo, calo ]: brams=0.00%, sliceLUTs=0.15%, processors=0.00%
INFO:    * deta: brams=0.00%, sliceLUTs=0.00%, processors=0.00%
INFO:    * dphi: brams=0.00%, sliceLUTs=0.00%, processors=0.00%
INFO:    * dr: brams=0.00%, sliceLUTs=0.00%, processors=0.00%
INFO:    * tbpt: brams=0.00%, sliceLUTs=0.00%, processors=0.00%
INFO:    * mass: brams=0.00%, sliceLUTs=0.01%, processors=0.00%
INFO:  * EsumsCondition[ esum ]: brams=0.00%, sliceLUTs=0.00%, processors=0.00%
INFO:  * MinBiasCondition[ bias ]: brams=0.00%, sliceLUTs=0.00%, processors=0.00%
INFO:  * ExternalCondition[ ext ]: brams=0.00%, sliceLUTs=0.00%, processors=0.00%
INFO:  * TowerCountCondition[ count ]: brams=0.00%, sliceLUTs=0.00%, processors=0.00%
INFO:  * AnomalyDetectionTrigger[ adt ]: brams=0.00%, sliceLUTs=1.79%, processors=0.00%
INFO:  * Axol1tlTrigger[ axol1tl ]: brams=0.00%, sliceLUTs=0.00%, processors=0.00%
INFO:  * TopologicalTrigger[ topological ]: brams=0.00%, sliceLUTs=0.00%, processors=0.00%
INFO:  * ZDCPlus[ count ]: brams=0.00%, sliceLUTs=0.00%, processors=0.00%
INFO:  * ZDCMinus[ count ]: brams=0.00%, sliceLUTs=0.00%, processors=0.00%
INFO:  * CicadaTrigger[ cicada ]: brams=0.00%, sliceLUTs=0.00%, processors=0.00%
INFO:  * SignalCondition[ signal ]: brams=0.00%, sliceLUTs=0.00%, processors=0.00%
DEBUG: ResourceTray.measure(<instance Axol1tlTrigger_i413>) => Payload(BRAMs=0.00%, sliceLUTs=0.00%, DSPs=0.00%)
DEBUG: ResourceTray.measure(<instance Axol1tlTrigger_i414>) => Payload(BRAMs=0.00%, sliceLUTs=0.00%, DSPs=0.00%)
DEBUG: ResourceTray.measure(<instance Axol1tlTrigger_i415>) => Payload(BRAMs=0.00%, sliceLUTs=0.00%, DSPs=0.00%)
DEBUG: ResourceTray.measure(<instance Axol1tlTrigger_i416>) => Payload(BRAMs=0.00%, sliceLUTs=0.00%, DSPs=0.00%)
DEBUG: ResourceTray.measure(<instance Axol1tlTrigger_i427>) => Payload(BRAMs=0.00%, sliceLUTs=0.00%, DSPs=0.00%)
DEBUG: ResourceTray.measure(<instance Axol1tlTrigger_i428>) => Payload(BRAMs=0.00%, sliceLUTs=0.00%, DSPs=0.00%)
DEBUG: ResourceTray.measure(<instance Axol1tlTrigger_i429>) => Payload(BRAMs=0.00%, sliceLUTs=0.00%, DSPs=0.00%)
DEBUG: ResourceTray.calc_cut_factor(<instance CaloCaloCorrelation_i123>, 'DeltaEta') => 66.0
DEBUG: ResourceTray.measure(<instance CaloCaloCorrelation_i123>) => Payload(BRAMs=0.00%, sliceLUTs=0.09%, DSPs=0.00%)
DEBUG: ResourceTray.calc_cut_factor(<instance CaloCaloCorrelation_i125>, 'DeltaEta') => 66.0
DEBUG: ResourceTray.measure(<instance CaloCaloCorrelation_i125>) => Payload(BRAMs=0.00%, sliceLUTs=0.09%, DSPs=0.00%)
DEBUG: ResourceTray.calc_cut_factor(<instance CaloCaloCorrelation_i192>, 'DeltaR') => 144
DEBUG: ResourceTray.measure(<instance CaloCaloCorrelation_i192>) => Payload(BRAMs=0.00%, sliceLUTs=1.00%, DSPs=0.00%)
DEBUG: ResourceTray.calc_cut_factor(<instance CaloCaloCorrelation_i193>, 'DeltaR') => 144
DEBUG: ResourceTray.measure(<instance CaloCaloCorrelation_i193>) => Payload(BRAMs=0.00%, sliceLUTs=1.00%, DSPs=0.00%)
DEBUG: ResourceTray.calc_cut_factor(<instance CaloCaloCorrelation_i194>, 'DeltaR') => 144
DEBUG: ResourceTray.measure(<instance CaloCaloCorrelation_i194>) => Payload(BRAMs=0.00%, sliceLUTs=1.00%, DSPs=0.00%)
DEBUG: ResourceTray.calc_cut_factor(<instance CaloCaloCorrelation_i251>, 'DeltaEta') => 66.0
DEBUG: ResourceTray.measure(<instance CaloCaloCorrelation_i251>) => Payload(BRAMs=0.00%, sliceLUTs=0.09%, DSPs=0.00%)
DEBUG: ResourceTray.calc_cut_factor(<instance CaloCaloCorrelation_i252>, 'DeltaEta') => 66.0
DEBUG: ResourceTray.measure(<instance CaloCaloCorrelation_i252>) => Payload(BRAMs=0.00%, sliceLUTs=0.09%, DSPs=0.00%)
DEBUG: ResourceTray.calc_cut_factor(<instance CaloCaloCorrelation_i425>, 'DeltaR') => 66.0
DEBUG: ResourceTray.measure(<instance CaloCaloCorrelation_i425>) => Payload(BRAMs=0.00%, sliceLUTs=0.48%, DSPs=0.00%)
DEBUG: ResourceTray.calc_cut_factor(<instance CaloCaloCorrelation_i426>, 'DeltaEta') => 66.0
DEBUG: ResourceTray.measure(<instance CaloCaloCorrelation_i426>) => Payload(BRAMs=0.00%, sliceLUTs=0.09%, DSPs=0.00%)
DEBUG: ResourceTray.calc_cut_factor(<instance CaloCaloCorrelation_i474>, 'DeltaR') => 66.0
DEBUG: ResourceTray.measure(<instance CaloCaloCorrelation_i474>) => Payload(BRAMs=0.00%, sliceLUTs=0.48%, DSPs=0.00%)
DEBUG: ResourceTray.calc_cut_factor(<instance CaloCaloCorrelation_i475>, 'DeltaR') => 66.0
DEBUG: ResourceTray.measure(<instance CaloCaloCorrelation_i475>) => Payload(BRAMs=0.00%, sliceLUTs=0.48%, DSPs=0.00%)
DEBUG: ResourceTray.calc_cut_factor(<instance CaloCaloCorrelation_i476>, 'DeltaEta') => 66.0
DEBUG: ResourceTray.measure(<instance CaloCaloCorrelation_i476>) => Payload(BRAMs=0.00%, sliceLUTs=0.09%, DSPs=0.00%)
DEBUG: ResourceTray.calc_cut_factor(<instance CaloCaloCorrelation_i477>, 'DeltaEta') => 66.0
DEBUG: ResourceTray.measure(<instance CaloCaloCorrelation_i477>) => Payload(BRAMs=0.00%, sliceLUTs=0.09%, DSPs=0.00%)
DEBUG: ResourceTray.calc_cut_factor(<instance CaloEsumCorrelation_i244>, 'DeltaPhi') => 12
DEBUG: ResourceTray.measure(<instance CaloEsumCorrelation_i244>) => Payload(BRAMs=0.00%, sliceLUTs=0.02%, DSPs=0.00%)
DEBUG: ResourceTray.calc_cut_factor(<instance CaloEsumCorrelation_i245>, 'DeltaPhi') => 12
DEBUG: ResourceTray.measure(<instance CaloEsumCorrelation_i245>) => Payload(BRAMs=0.00%, sliceLUTs=0.02%, DSPs=0.00%)
DEBUG: ResourceTray.calc_cut_factor(<instance CaloEsumCorrelation_i247>, 'DeltaPhi') => 12
DEBUG: ResourceTray.measure(<instance CaloEsumCorrelation_i247>) => Payload(BRAMs=0.00%, sliceLUTs=0.02%, DSPs=0.00%)
DEBUG: ResourceTray.calc_cut_factor(<instance CaloEsumCorrelation_i248>, 'DeltaPhi') => 12
DEBUG: ResourceTray.measure(<instance CaloEsumCorrelation_i248>) => Payload(BRAMs=0.00%, sliceLUTs=0.02%, DSPs=0.00%)
DEBUG: ResourceTray.calc_cut_factor(<instance CaloMuonCorrelation_i103>, 'DeltaR') => 96
DEBUG: ResourceTray.measure(<instance CaloMuonCorrelation_i103>) => Payload(BRAMs=0.00%, sliceLUTs=0.67%, DSPs=0.00%)
DEBUG: ResourceTray.calc_cut_factor(<instance CaloMuonCorrelation_i105>, 'DeltaR') => 96
DEBUG: ResourceTray.measure(<instance CaloMuonCorrelation_i105>) => Payload(BRAMs=0.00%, sliceLUTs=0.67%, DSPs=0.00%)
DEBUG: ResourceTray.calc_cut_factor(<instance CaloMuonCorrelation_i107>, 'DeltaR') => 96
DEBUG: ResourceTray.measure(<instance CaloMuonCorrelation_i107>) => Payload(BRAMs=0.00%, sliceLUTs=0.67%, DSPs=0.00%)
DEBUG: ResourceTray.calc_cut_factor(<instance CaloMuonCorrelation_i108>, 'DeltaR') => 96
DEBUG: ResourceTray.measure(<instance CaloMuonCorrelation_i108>) => Payload(BRAMs=0.00%, sliceLUTs=0.67%, DSPs=0.00%)
DEBUG: ResourceTray.calc_cut_factor(<instance CaloMuonCorrelation_i111>, 'DeltaR') => 96
DEBUG: ResourceTray.measure(<instance CaloMuonCorrelation_i111>) => Payload(BRAMs=0.00%, sliceLUTs=0.67%, DSPs=0.00%)
DEBUG: ResourceTray.calc_cut_factor(<instance CaloMuonCorrelation_i113>, 'DeltaR') => 96
DEBUG: ResourceTray.measure(<instance CaloMuonCorrelation_i113>) => Payload(BRAMs=0.00%, sliceLUTs=0.67%, DSPs=0.00%)
DEBUG: ResourceTray.calc_cut_factor(<instance CaloMuonCorrelation_i114>, 'DeltaR') => 96
DEBUG: ResourceTray.measure(<instance CaloMuonCorrelation_i114>) => Payload(BRAMs=0.00%, sliceLUTs=0.67%, DSPs=0.00%)
DEBUG: ResourceTray.calc_cut_factor(<instance CaloMuonCorrelation_i122>, 'DeltaR') => 96
DEBUG: ResourceTray.measure(<instance CaloMuonCorrelation_i122>) => Payload(BRAMs=0.00%, sliceLUTs=0.67%, DSPs=0.00%)
DEBUG: ResourceTray.calc_cut_factor(<instance CaloMuonCorrelation_i124>, 'DeltaR') => 96
DEBUG: ResourceTray.measure(<instance CaloMuonCorrelation_i124>) => Payload(BRAMs=0.00%, sliceLUTs=0.67%, DSPs=0.00%)
DEBUG: ResourceTray.calc_cut_factor(<instance CaloMuonCorrelation_i127>, 'DeltaR') => 96
DEBUG: ResourceTray.measure(<instance CaloMuonCorrelation_i127>) => Payload(BRAMs=0.00%, sliceLUTs=0.67%, DSPs=0.00%)
DEBUG: ResourceTray.measure(<instance CicadaTrigger_i408>) => Payload(BRAMs=0.00%, sliceLUTs=0.00%, DSPs=0.00%)
DEBUG: ResourceTray.measure(<instance CicadaTrigger_i409>) => Payload(BRAMs=0.00%, sliceLUTs=0.00%, DSPs=0.00%)
DEBUG: ResourceTray.measure(<instance CicadaTrigger_i410>) => Payload(BRAMs=0.00%, sliceLUTs=0.00%, DSPs=0.00%)
DEBUG: ResourceTray.measure(<instance CicadaTrigger_i411>) => Payload(BRAMs=0.00%, sliceLUTs=0.00%, DSPs=0.00%)
DEBUG: ResourceTray.measure(<instance CicadaTrigger_i412>) => Payload(BRAMs=0.00%, sliceLUTs=0.00%, DSPs=0.00%)
DEBUG: ResourceTray.measure(<instance CicadaTrigger_i430>) => Payload(BRAMs=0.00%, sliceLUTs=0.00%, DSPs=0.00%)
DEBUG: ResourceTray.measure(<instance CicadaTrigger_i431>) => Payload(BRAMs=0.00%, sliceLUTs=0.00%, DSPs=0.00%)
DEBUG: ResourceTray.measure(<instance CicadaTrigger_i432>) => Payload(BRAMs=0.00%, sliceLUTs=0.00%, DSPs=0.00%)
DEBUG: ResourceTray.measure(<instance DoubleEG_i173>) => Payload(BRAMs=0.00%, sliceLUTs=0.03%, DSPs=0.00%)
DEBUG: ResourceTray.measure(<instance DoubleEG_i174>) => Payload(BRAMs=0.00%, sliceLUTs=0.03%, DSPs=0.00%)
DEBUG: ResourceTray.measure(<instance DoubleEG_i175>) => Payload(BRAMs=0.00%, sliceLUTs=0.03%, DSPs=0.00%)
DEBUG: ResourceTray.measure(<instance DoubleEG_i176>) => Payload(BRAMs=0.00%, sliceLUTs=0.03%, DSPs=0.00%)
DEBUG: ResourceTray.measure(<instance DoubleEG_i177>) => Payload(BRAMs=0.00%, sliceLUTs=0.03%, DSPs=0.00%)
DEBUG: ResourceTray.measure(<instance DoubleEG_i178>) => Payload(BRAMs=0.00%, sliceLUTs=0.03%, DSPs=0.00%)
DEBUG: ResourceTray.measure(<instance DoubleEG_i179>) => Payload(BRAMs=0.00%, sliceLUTs=0.04%, DSPs=0.00%)
DEBUG: ResourceTray.measure(<instance DoubleEG_i180>) => Payload(BRAMs=0.00%, sliceLUTs=0.04%, DSPs=0.00%)
DEBUG: ResourceTray.measure(<instance DoubleEG_i181>) => Payload(BRAMs=0.00%, sliceLUTs=0.04%, DSPs=0.00%)
DEBUG: ResourceTray.measure(<instance DoubleEG_i182>) => Payload(BRAMs=0.00%, sliceLUTs=0.04%, DSPs=0.00%)
DEBUG: ResourceTray.measure(<instance DoubleEG_i183>) => Payload(BRAMs=0.00%, sliceLUTs=0.04%, DSPs=0.00%)
DEBUG: ResourceTray.measure(<instance DoubleEG_i184>) => Payload(BRAMs=0.00%, sliceLUTs=0.04%, DSPs=0.00%)
DEBUG: ResourceTray.measure(<instance DoubleEG_i185>) => Payload(BRAMs=0.00%, sliceLUTs=0.04%, DSPs=0.00%)
DEBUG: ResourceTray.measure(<instance DoubleEG_i186>) => Payload(BRAMs=0.00%, sliceLUTs=0.04%, DSPs=0.00%)
DEBUG: ResourceTray.measure(<instance DoubleEG_i187>) => Payload(BRAMs=0.00%, sliceLUTs=0.04%, DSPs=0.00%)
DEBUG: ResourceTray.measure(<instance DoubleEG_i188>) => Payload(BRAMs=0.00%, sliceLUTs=0.03%, DSPs=0.00%)
DEBUG: ResourceTray.measure(<instance DoubleEG_i462>) => Payload(BRAMs=0.00%, sliceLUTs=0.02%, DSPs=0.00%)
DEBUG: ResourceTray.measure(<instance DoubleEG_i463>) => Payload(BRAMs=0.00%, sliceLUTs=0.03%, DSPs=0.00%)
DEBUG: ResourceTray.measure(<instance DoubleEG_i464>) => Payload(BRAMs=0.00%, sliceLUTs=0.02%, DSPs=0.00%)
DEBUG: ResourceTray.measure(<instance DoubleEG_i465>) => Payload(BRAMs=0.00%, sliceLUTs=0.02%, DSPs=0.00%)
DEBUG: ResourceTray.measure(<instance DoubleEG_i466>) => Payload(BRAMs=0.00%, sliceLUTs=0.03%, DSPs=0.00%)
DEBUG: ResourceTray.measure(<instance DoubleEG_i467>) => Payload(BRAMs=0.00%, sliceLUTs=0.03%, DSPs=0.00%)
DEBUG: ResourceTray.measure(<instance DoubleEG_i91>) => Payload(BRAMs=0.00%, sliceLUTs=0.03%, DSPs=0.00%)
DEBUG: ResourceTray.measure(<instance DoubleEG_i92>) => Payload(BRAMs=0.00%, sliceLUTs=0.03%, DSPs=0.00%)
DEBUG: ResourceTray.measure(<instance DoubleEG_i93>) => Payload(BRAMs=0.00%, sliceLUTs=0.03%, DSPs=0.00%)
DEBUG: ResourceTray.measure(<instance DoubleEG_i94>) => Payload(BRAMs=0.00%, sliceLUTs=0.03%, DSPs=0.00%)
DEBUG: ResourceTray.measure(<instance DoubleJET_i104>) => Payload(BRAMs=0.00%, sliceLUTs=0.03%, DSPs=0.00%)
DEBUG: ResourceTray.measure(<instance DoubleJET_i106>) => Payload(BRAMs=0.00%, sliceLUTs=0.03%, DSPs=0.00%)
DEBUG: ResourceTray.measure(<instance DoubleJET_i109>) => Payload(BRAMs=0.00%, sliceLUTs=0.03%, DSPs=0.00%)
DEBUG: ResourceTray.measure(<instance DoubleJET_i110>) => Payload(BRAMs=0.00%, sliceLUTs=0.03%, DSPs=0.00%)
DEBUG: ResourceTray.measure(<instance DoubleJET_i112>) => Payload(BRAMs=0.00%, sliceLUTs=0.03%, DSPs=0.00%)
DEBUG: ResourceTray.measure(<instance DoubleJET_i131>) => Payload(BRAMs=0.00%, sliceLUTs=0.03%, DSPs=0.00%)
DEBUG: ResourceTray.measure(<instance DoubleJET_i249>) => Payload(BRAMs=0.00%, sliceLUTs=0.03%, DSPs=0.00%)
DEBUG: ResourceTray.measure(<instance DoubleJET_i250>) => Payload(BRAMs=0.00%, sliceLUTs=0.03%, DSPs=0.00%)
DEBUG: ResourceTray.measure(<instance DoubleJET_i258>) => Payload(BRAMs=0.00%, sliceLUTs=0.03%, DSPs=0.00%)
DEBUG: ResourceTray.measure(<instance DoubleJET_i260>) => Payload(BRAMs=0.00%, sliceLUTs=0.03%, DSPs=0.00%)
DEBUG: ResourceTray.measure(<instance DoubleJET_i262>) => Payload(BRAMs=0.00%, sliceLUTs=0.03%, DSPs=0.00%)
DEBUG: ResourceTray.measure(<instance DoubleJET_i267>) => Payload(BRAMs=0.00%, sliceLUTs=0.02%, DSPs=0.00%)
DEBUG: ResourceTray.measure(<instance DoubleJET_i340>) => Payload(BRAMs=0.00%, sliceLUTs=0.02%, DSPs=0.00%)
DEBUG: ResourceTray.measure(<instance DoubleJET_i347>) => Payload(BRAMs=0.00%, sliceLUTs=0.02%, DSPs=0.00%)
DEBUG: ResourceTray.measure(<instance DoubleJET_i359>) => Payload(BRAMs=0.00%, sliceLUTs=0.03%, DSPs=0.00%)
DEBUG: ResourceTray.measure(<instance DoubleJET_i360>) => Payload(BRAMs=0.00%, sliceLUTs=0.03%, DSPs=0.00%)
DEBUG: ResourceTray.measure(<instance DoubleJET_i361>) => Payload(BRAMs=0.00%, sliceLUTs=0.03%, DSPs=0.00%)
DEBUG: ResourceTray.measure(<instance DoubleJET_i362>) => Payload(BRAMs=0.00%, sliceLUTs=0.03%, DSPs=0.00%)
DEBUG: ResourceTray.measure(<instance DoubleJET_i363>) => Payload(BRAMs=0.00%, sliceLUTs=0.03%, DSPs=0.00%)
DEBUG: ResourceTray.measure(<instance DoubleJET_i364>) => Payload(BRAMs=0.00%, sliceLUTs=0.03%, DSPs=0.00%)
DEBUG: ResourceTray.measure(<instance DoubleJET_i365>) => Payload(BRAMs=0.00%, sliceLUTs=0.03%, DSPs=0.00%)
DEBUG: ResourceTray.measure(<instance DoubleJET_i366>) => Payload(BRAMs=0.00%, sliceLUTs=0.03%, DSPs=0.00%)
DEBUG: ResourceTray.measure(<instance DoubleJET_i367>) => Payload(BRAMs=0.00%, sliceLUTs=0.03%, DSPs=0.00%)
DEBUG: ResourceTray.measure(<instance DoubleJET_i368>) => Payload(BRAMs=0.00%, sliceLUTs=0.03%, DSPs=0.00%)
DEBUG: ResourceTray.measure(<instance DoubleJET_i370>) => Payload(BRAMs=0.00%, sliceLUTs=0.02%, DSPs=0.00%)
DEBUG: ResourceTray.measure(<instance DoubleJET_i372>) => Payload(BRAMs=0.00%, sliceLUTs=0.02%, DSPs=0.00%)
DEBUG: ResourceTray.measure(<instance DoubleMU_i128>) => Payload(BRAMs=0.00%, sliceLUTs=0.01%, DSPs=0.00%)
DEBUG: ResourceTray.measure(<instance DoubleMU_i29>) => Payload(BRAMs=0.00%, sliceLUTs=0.01%, DSPs=0.00%)
DEBUG: ResourceTray.measure(<instance DoubleMU_i30>) => Payload(BRAMs=0.00%, sliceLUTs=0.01%, DSPs=0.00%)
DEBUG: ResourceTray.measure(<instance DoubleMU_i31>) => Payload(BRAMs=0.00%, sliceLUTs=0.01%, DSPs=0.00%)
DEBUG: ResourceTray.calc_cut_factor(<instance DoubleMU_i32>, 'ChargeCorrelation') => 1.0
DEBUG: ResourceTray.measure(<instance DoubleMU_i32>) => Payload(BRAMs=0.00%, sliceLUTs=0.02%, DSPs=0.00%)
DEBUG: ResourceTray.measure(<instance DoubleMU_i34>) => Payload(BRAMs=0.00%, sliceLUTs=0.01%, DSPs=0.00%)
DEBUG: ResourceTray.measure(<instance DoubleMU_i35>) => Payload(BRAMs=0.00%, sliceLUTs=0.01%, DSPs=0.00%)
DEBUG: ResourceTray.measure(<instance DoubleMU_i36>) => Payload(BRAMs=0.00%, sliceLUTs=0.01%, DSPs=0.00%)
DEBUG: ResourceTray.measure(<instance DoubleMU_i37>) => Payload(BRAMs=0.00%, sliceLUTs=0.01%, DSPs=0.00%)
DEBUG: ResourceTray.measure(<instance DoubleMU_i38>) => Payload(BRAMs=0.00%, sliceLUTs=0.01%, DSPs=0.00%)
DEBUG: ResourceTray.measure(<instance DoubleMU_i389>) => Payload(BRAMs=0.00%, sliceLUTs=0.03%, DSPs=0.00%)
DEBUG: ResourceTray.measure(<instance DoubleMU_i39>) => Payload(BRAMs=0.00%, sliceLUTs=0.01%, DSPs=0.00%)
DEBUG: ResourceTray.measure(<instance DoubleMU_i390>) => Payload(BRAMs=0.00%, sliceLUTs=0.03%, DSPs=0.00%)
DEBUG: ResourceTray.measure(<instance DoubleMU_i391>) => Payload(BRAMs=0.00%, sliceLUTs=0.03%, DSPs=0.00%)
DEBUG: ResourceTray.measure(<instance DoubleMU_i41>) => Payload(BRAMs=0.00%, sliceLUTs=0.03%, DSPs=0.00%)
DEBUG: ResourceTray.measure(<instance DoubleMU_i42>) => Payload(BRAMs=0.00%, sliceLUTs=0.03%, DSPs=0.00%)
DEBUG: ResourceTray.measure(<instance DoubleMU_i43>) => Payload(BRAMs=0.00%, sliceLUTs=0.04%, DSPs=0.00%)
DEBUG: ResourceTray.measure(<instance DoubleMU_i44>) => Payload(BRAMs=0.00%, sliceLUTs=0.03%, DSPs=0.00%)
DEBUG: ResourceTray.measure(<instance DoubleMU_i48>) => Payload(BRAMs=0.00%, sliceLUTs=0.03%, DSPs=0.00%)
DEBUG: ResourceTray.calc_cut_factor(<instance DoubleMU_i49>, 'ChargeCorrelation') => 1.0
DEBUG: ResourceTray.measure(<instance DoubleMU_i49>) => Payload(BRAMs=0.00%, sliceLUTs=0.03%, DSPs=0.00%)
DEBUG: ResourceTray.calc_cut_factor(<instance DoubleMU_i55>, 'ChargeCorrelation') => 1.0
DEBUG: ResourceTray.measure(<instance DoubleMU_i55>) => Payload(BRAMs=0.00%, sliceLUTs=0.02%, DSPs=0.00%)
DEBUG: ResourceTray.calc_cut_factor(<instance DoubleMU_i57>, 'ChargeCorrelation') => 1.0
DEBUG: ResourceTray.measure(<instance DoubleMU_i57>) => Payload(BRAMs=0.00%, sliceLUTs=0.02%, DSPs=0.00%)
DEBUG: ResourceTray.calc_cut_factor(<instance DoubleMU_i59>, 'ChargeCorrelation') => 1.0
DEBUG: ResourceTray.measure(<instance DoubleMU_i59>) => Payload(BRAMs=0.00%, sliceLUTs=0.03%, DSPs=0.00%)
DEBUG: ResourceTray.measure(<instance DoubleMU_i95>) => Payload(BRAMs=0.00%, sliceLUTs=0.01%, DSPs=0.00%)
DEBUG: ResourceTray.measure(<instance DoubleMU_i97>) => Payload(BRAMs=0.00%, sliceLUTs=0.01%, DSPs=0.00%)
DEBUG: ResourceTray.measure(<instance DoubleTAU_i197>) => Payload(BRAMs=0.00%, sliceLUTs=0.03%, DSPs=0.00%)
DEBUG: ResourceTray.measure(<instance DoubleTAU_i198>) => Payload(BRAMs=0.00%, sliceLUTs=0.04%, DSPs=0.00%)
DEBUG: ResourceTray.measure(<instance DoubleTAU_i199>) => Payload(BRAMs=0.00%, sliceLUTs=0.04%, DSPs=0.00%)
DEBUG: ResourceTray.measure(<instance DoubleTAU_i200>) => Payload(BRAMs=0.00%, sliceLUTs=0.04%, DSPs=0.00%)
DEBUG: ResourceTray.measure(<instance DoubleTAU_i201>) => Payload(BRAMs=0.00%, sliceLUTs=0.04%, DSPs=0.00%)
DEBUG: ResourceTray.measure(<instance DoubleTAU_i202>) => Payload(BRAMs=0.00%, sliceLUTs=0.04%, DSPs=0.00%)
DEBUG: ResourceTray.measure(<instance DoubleTAU_i203>) => Payload(BRAMs=0.00%, sliceLUTs=0.04%, DSPs=0.00%)
DEBUG: ResourceTray.calc_cut_factor(<instance DoubleTauOvRm_i444>, 'OvRmDeltaR') => 144
DEBUG: ResourceTray.measure(<instance DoubleTauOvRm_i444>) => Payload(BRAMs=0.00%, sliceLUTs=0.41%, DSPs=0.00%)
DEBUG: ResourceTray.calc_cut_factor(<instance DoubleTauOvRm_i445>, 'OvRmDeltaR') => 144
DEBUG: ResourceTray.measure(<instance DoubleTauOvRm_i445>) => Payload(BRAMs=0.00%, sliceLUTs=0.41%, DSPs=0.00%)
DEBUG: ResourceTray.calc_cut_factor(<instance DoubleTauOvRm_i446>, 'OvRmDeltaR') => 144
DEBUG: ResourceTray.measure(<instance DoubleTauOvRm_i446>) => Payload(BRAMs=0.00%, sliceLUTs=0.41%, DSPs=0.00%)
DEBUG: ResourceTray.calc_cut_factor(<instance DoubleTauOvRm_i478>, 'OvRmDeltaR') => 144
DEBUG: ResourceTray.measure(<instance DoubleTauOvRm_i478>) => Payload(BRAMs=0.00%, sliceLUTs=0.41%, DSPs=0.00%)
DEBUG: ResourceTray.calc_cut_factor(<instance DoubleTauOvRm_i479>, 'OvRmDeltaR') => 144
DEBUG: ResourceTray.measure(<instance DoubleTauOvRm_i479>) => Payload(BRAMs=0.00%, sliceLUTs=0.41%, DSPs=0.00%)
DEBUG: ResourceTray.calc_cut_factor(<instance DoubleTauOvRm_i480>, 'OvRmDeltaR') => 144
DEBUG: ResourceTray.measure(<instance DoubleTauOvRm_i480>) => Payload(BRAMs=0.00%, sliceLUTs=0.41%, DSPs=0.00%)
DEBUG: ResourceTray.calc_cut_factor(<instance InvariantMass3_i393>, 'Mass') => 56.0
DEBUG: ResourceTray.measure(<instance InvariantMass3_i393>) => Payload(BRAMs=0.00%, sliceLUTs=0.21%, DSPs=3.11%)
DEBUG: ResourceTray.calc_cut_factor(<instance InvariantMass3_i69>, 'Mass') => 56.0
DEBUG: ResourceTray.measure(<instance InvariantMass3_i69>) => Payload(BRAMs=0.00%, sliceLUTs=0.21%, DSPs=3.11%)
DEBUG: ResourceTray.calc_cut_factor(<instance InvariantMass3_i75>, 'Mass') => 56.0
DEBUG: ResourceTray.measure(<instance InvariantMass3_i75>) => Payload(BRAMs=0.00%, sliceLUTs=0.21%, DSPs=3.11%)
DEBUG: ResourceTray.calc_cut_factor(<instance InvariantMassOvRm_i346>, 'OvRmDeltaR') => 144
DEBUG: ResourceTray.calc_cut_factor(<instance InvariantMassOvRm_i346>, 'Mass') => 66.0
DEBUG: ResourceTray.measure(<instance InvariantMassOvRm_i346>) => Payload(BRAMs=0.00%, sliceLUTs=1.23%, DSPs=0.00%)
DEBUG: ResourceTray.calc_cut_factor(<instance InvariantMassOvRm_i369>, 'OvRmDeltaR') => 144
DEBUG: ResourceTray.calc_cut_factor(<instance InvariantMassOvRm_i369>, 'Mass') => 66.0
DEBUG: ResourceTray.measure(<instance InvariantMassOvRm_i369>) => Payload(BRAMs=0.00%, sliceLUTs=1.23%, DSPs=0.00%)
DEBUG: ResourceTray.calc_cut_factor(<instance InvariantMassOvRm_i378>, 'Mass') => 66.0
DEBUG: ResourceTray.calc_cut_factor(<instance InvariantMassOvRm_i378>, 'OvRmDeltaR') => 144
DEBUG: ResourceTray.measure(<instance InvariantMassOvRm_i378>) => Payload(BRAMs=0.00%, sliceLUTs=1.23%, DSPs=0.00%)
DEBUG: ResourceTray.calc_cut_factor(<instance InvariantMassOvRm_i380>, 'Mass') => 66.0
DEBUG: ResourceTray.calc_cut_factor(<instance InvariantMassOvRm_i380>, 'OvRmDeltaR') => 144
DEBUG: ResourceTray.measure(<instance InvariantMassOvRm_i380>) => Payload(BRAMs=0.00%, sliceLUTs=1.23%, DSPs=0.00%)
DEBUG: ResourceTray.calc_cut_factor(<instance InvariantMassOvRm_i436>, 'OvRmDeltaR') => 144
DEBUG: ResourceTray.calc_cut_factor(<instance InvariantMassOvRm_i436>, 'Mass') => 66.0
DEBUG: ResourceTray.measure(<instance InvariantMassOvRm_i436>) => Payload(BRAMs=0.00%, sliceLUTs=1.23%, DSPs=0.00%)
DEBUG: ResourceTray.calc_cut_factor(<instance InvariantMassOvRm_i437>, 'OvRmDeltaR') => 144
DEBUG: ResourceTray.calc_cut_factor(<instance InvariantMassOvRm_i437>, 'Mass') => 66.0
DEBUG: ResourceTray.measure(<instance InvariantMassOvRm_i437>) => Payload(BRAMs=0.00%, sliceLUTs=1.23%, DSPs=0.00%)
DEBUG: ResourceTray.calc_cut_factor(<instance InvariantMassOvRm_i440>, 'OvRmDeltaR') => 144
DEBUG: ResourceTray.calc_cut_factor(<instance InvariantMassOvRm_i440>, 'Mass') => 66.0
DEBUG: ResourceTray.measure(<instance InvariantMassOvRm_i440>) => Payload(BRAMs=0.00%, sliceLUTs=1.23%, DSPs=0.00%)
DEBUG: ResourceTray.calc_cut_factor(<instance InvariantMassOvRm_i441>, 'OvRmDeltaR') => 144
DEBUG: ResourceTray.calc_cut_factor(<instance InvariantMassOvRm_i441>, 'Mass') => 66.0
DEBUG: ResourceTray.measure(<instance InvariantMassOvRm_i441>) => Payload(BRAMs=0.00%, sliceLUTs=1.23%, DSPs=0.00%)
DEBUG: ResourceTray.calc_cut_factor(<instance InvariantMass_i100>, 'Mass') => 28.0
DEBUG: ResourceTray.calc_cut_factor(<instance InvariantMass_i100>, 'ChargeCorrelation') => 28.0
DEBUG: ResourceTray.measure(<instance InvariantMass_i100>) => Payload(BRAMs=0.00%, sliceLUTs=0.33%, DSPs=0.00%)
DEBUG: ResourceTray.calc_cut_factor(<instance InvariantMass_i101>, 'Mass') => 66.0
DEBUG: ResourceTray.measure(<instance InvariantMass_i101>) => Payload(BRAMs=0.00%, sliceLUTs=0.87%, DSPs=0.00%)
DEBUG: ResourceTray.calc_cut_factor(<instance InvariantMass_i253>, 'DeltaEta') => 66.0
DEBUG: ResourceTray.calc_cut_factor(<instance InvariantMass_i253>, 'Mass') => 66.0
DEBUG: ResourceTray.measure(<instance InvariantMass_i253>) => Payload(BRAMs=0.00%, sliceLUTs=0.93%, DSPs=0.00%)
DEBUG: ResourceTray.calc_cut_factor(<instance InvariantMass_i254>, 'Mass') => 66.0
DEBUG: ResourceTray.calc_cut_factor(<instance InvariantMass_i254>, 'DeltaEta') => 66.0
DEBUG: ResourceTray.measure(<instance InvariantMass_i254>) => Payload(BRAMs=0.00%, sliceLUTs=0.93%, DSPs=0.00%)
DEBUG: ResourceTray.calc_cut_factor(<instance InvariantMass_i255>, 'DeltaEta') => 66.0
DEBUG: ResourceTray.calc_cut_factor(<instance InvariantMass_i255>, 'Mass') => 66.0
DEBUG: ResourceTray.measure(<instance InvariantMass_i255>) => Payload(BRAMs=0.00%, sliceLUTs=0.93%, DSPs=0.00%)
DEBUG: ResourceTray.calc_cut_factor(<instance InvariantMass_i256>, 'DeltaEta') => 66.0
DEBUG: ResourceTray.calc_cut_factor(<instance InvariantMass_i256>, 'Mass') => 66.0
DEBUG: ResourceTray.measure(<instance InvariantMass_i256>) => Payload(BRAMs=0.00%, sliceLUTs=0.93%, DSPs=0.00%)
DEBUG: ResourceTray.calc_cut_factor(<instance InvariantMass_i33>, 'Mass') => 28.0
DEBUG: ResourceTray.measure(<instance InvariantMass_i33>) => Payload(BRAMs=0.00%, sliceLUTs=0.31%, DSPs=0.00%)
DEBUG: ResourceTray.calc_cut_factor(<instance InvariantMass_i341>, 'Mass') => 66.0
DEBUG: ResourceTray.measure(<instance InvariantMass_i341>) => Payload(BRAMs=0.00%, sliceLUTs=0.85%, DSPs=0.00%)
DEBUG: ResourceTray.calc_cut_factor(<instance InvariantMass_i348>, 'Mass') => 66.0
DEBUG: ResourceTray.measure(<instance InvariantMass_i348>) => Payload(BRAMs=0.00%, sliceLUTs=0.85%, DSPs=0.00%)
DEBUG: ResourceTray.calc_cut_factor(<instance InvariantMass_i373>, 'Mass') => 66.0
DEBUG: ResourceTray.measure(<instance InvariantMass_i373>) => Payload(BRAMs=0.00%, sliceLUTs=0.85%, DSPs=0.00%)
DEBUG: ResourceTray.calc_cut_factor(<instance InvariantMass_i379>, 'Mass') => 66.0
DEBUG: ResourceTray.measure(<instance InvariantMass_i379>) => Payload(BRAMs=0.00%, sliceLUTs=0.85%, DSPs=0.00%)
DEBUG: ResourceTray.calc_cut_factor(<instance InvariantMass_i381>, 'Mass') => 66.0
DEBUG: ResourceTray.measure(<instance InvariantMass_i381>) => Payload(BRAMs=0.00%, sliceLUTs=0.85%, DSPs=0.00%)
DEBUG: ResourceTray.calc_cut_factor(<instance InvariantMass_i385>, 'Mass') => 66.0
DEBUG: ResourceTray.measure(<instance InvariantMass_i385>) => Payload(BRAMs=0.00%, sliceLUTs=0.85%, DSPs=0.00%)
DEBUG: ResourceTray.calc_cut_factor(<instance InvariantMass_i40>, 'Mass') => 28.0
DEBUG: ResourceTray.measure(<instance InvariantMass_i40>) => Payload(BRAMs=0.00%, sliceLUTs=0.31%, DSPs=0.00%)
DEBUG: ResourceTray.calc_cut_factor(<instance InvariantMass_i433>, 'Mass') => 66.0
DEBUG: ResourceTray.measure(<instance InvariantMass_i433>) => Payload(BRAMs=0.00%, sliceLUTs=0.85%, DSPs=0.00%)
DEBUG: ResourceTray.calc_cut_factor(<instance InvariantMass_i434>, 'Mass') => 66.0
DEBUG: ResourceTray.measure(<instance InvariantMass_i434>) => Payload(BRAMs=0.00%, sliceLUTs=0.85%, DSPs=0.00%)
DEBUG: ResourceTray.calc_cut_factor(<instance InvariantMass_i435>, 'Mass') => 66.0
DEBUG: ResourceTray.measure(<instance InvariantMass_i435>) => Payload(BRAMs=0.00%, sliceLUTs=0.85%, DSPs=0.00%)
DEBUG: ResourceTray.calc_cut_factor(<instance InvariantMass_i438>, 'Mass') => 66.0
DEBUG: ResourceTray.measure(<instance InvariantMass_i438>) => Payload(BRAMs=0.00%, sliceLUTs=0.85%, DSPs=0.00%)
DEBUG: ResourceTray.calc_cut_factor(<instance InvariantMass_i439>, 'Mass') => 66.0
DEBUG: ResourceTray.measure(<instance InvariantMass_i439>) => Payload(BRAMs=0.00%, sliceLUTs=0.85%, DSPs=0.00%)
DEBUG: ResourceTray.calc_cut_factor(<instance InvariantMass_i442>, 'Mass') => 66.0
DEBUG: ResourceTray.measure(<instance InvariantMass_i442>) => Payload(BRAMs=0.00%, sliceLUTs=0.85%, DSPs=0.00%)
DEBUG: ResourceTray.calc_cut_factor(<instance InvariantMass_i443>, 'Mass') => 66.0
DEBUG: ResourceTray.measure(<instance InvariantMass_i443>) => Payload(BRAMs=0.00%, sliceLUTs=0.85%, DSPs=0.00%)
DEBUG: ResourceTray.calc_cut_factor(<instance InvariantMass_i60>, 'Mass') => 28.0
DEBUG: ResourceTray.calc_cut_factor(<instance InvariantMass_i60>, 'ChargeCorrelation') => 28.0
DEBUG: ResourceTray.measure(<instance InvariantMass_i60>) => Payload(BRAMs=0.00%, sliceLUTs=0.33%, DSPs=0.00%)
DEBUG: ResourceTray.calc_cut_factor(<instance InvariantMass_i61>, 'Mass') => 28.0
DEBUG: ResourceTray.calc_cut_factor(<instance InvariantMass_i61>, 'ChargeCorrelation') => 28.0
DEBUG: ResourceTray.measure(<instance InvariantMass_i61>) => Payload(BRAMs=0.00%, sliceLUTs=0.33%, DSPs=0.00%)
DEBUG: ResourceTray.calc_cut_factor(<instance InvariantMass_i76>, 'Mass') => 28.0
DEBUG: ResourceTray.calc_cut_factor(<instance InvariantMass_i76>, 'ChargeCorrelation') => 28.0
DEBUG: ResourceTray.measure(<instance InvariantMass_i76>) => Payload(BRAMs=0.00%, sliceLUTs=0.32%, DSPs=0.00%)
DEBUG: ResourceTray.calc_cut_factor(<instance InvariantMass_i79>, 'Mass') => 28.0
DEBUG: ResourceTray.calc_cut_factor(<instance InvariantMass_i79>, 'ChargeCorrelation') => 28.0
DEBUG: ResourceTray.measure(<instance InvariantMass_i79>) => Payload(BRAMs=0.00%, sliceLUTs=0.32%, DSPs=0.00%)
DEBUG: ResourceTray.calc_cut_factor(<instance InvariantMass_i98>, 'ChargeCorrelation') => 28.0
DEBUG: ResourceTray.calc_cut_factor(<instance InvariantMass_i98>, 'Mass') => 28.0
DEBUG: ResourceTray.measure(<instance InvariantMass_i98>) => Payload(BRAMs=0.00%, sliceLUTs=0.33%, DSPs=0.00%)
DEBUG: ResourceTray.calc_cut_factor(<instance InvariantMass_i99>, 'Mass') => 66.0
DEBUG: ResourceTray.measure(<instance InvariantMass_i99>) => Payload(BRAMs=0.00%, sliceLUTs=0.87%, DSPs=0.00%)
DEBUG: ResourceTray.calc_cut_factor(<instance MuonMuonCorrelation_i126>, 'DeltaR') => 28.0
DEBUG: ResourceTray.measure(<instance MuonMuonCorrelation_i126>) => Payload(BRAMs=0.00%, sliceLUTs=0.20%, DSPs=0.00%)
DEBUG: ResourceTray.calc_cut_factor(<instance MuonMuonCorrelation_i328>, 'DeltaPhi') => 64
DEBUG: ResourceTray.measure(<instance MuonMuonCorrelation_i328>) => Payload(BRAMs=0.00%, sliceLUTs=0.11%, DSPs=0.00%)
DEBUG: ResourceTray.calc_cut_factor(<instance MuonMuonCorrelation_i382>, 'DeltaEta') => 28.0
DEBUG: ResourceTray.calc_cut_factor(<instance MuonMuonCorrelation_i382>, 'DeltaPhi') => 28.0
DEBUG: ResourceTray.calc_cut_factor(<instance MuonMuonCorrelation_i382>, 'ChargeCorrelation') => 28.0
DEBUG: ResourceTray.measure(<instance MuonMuonCorrelation_i382>) => Payload(BRAMs=0.00%, sliceLUTs=0.09%, DSPs=0.00%)
DEBUG: ResourceTray.calc_cut_factor(<instance MuonMuonCorrelation_i392>, 'DeltaR') => 28.0
DEBUG: ResourceTray.calc_cut_factor(<instance MuonMuonCorrelation_i392>, 'ChargeCorrelation') => 28.0
DEBUG: ResourceTray.measure(<instance MuonMuonCorrelation_i392>) => Payload(BRAMs=0.00%, sliceLUTs=0.20%, DSPs=0.00%)
DEBUG: ResourceTray.calc_cut_factor(<instance MuonMuonCorrelation_i394>, 'DeltaR') => 28.0
DEBUG: ResourceTray.calc_cut_factor(<instance MuonMuonCorrelation_i394>, 'ChargeCorrelation') => 28.0
DEBUG: ResourceTray.measure(<instance MuonMuonCorrelation_i394>) => Payload(BRAMs=0.00%, sliceLUTs=0.21%, DSPs=0.00%)
DEBUG: ResourceTray.calc_cut_factor(<instance MuonMuonCorrelation_i395>, 'DeltaR') => 28.0
DEBUG: ResourceTray.calc_cut_factor(<instance MuonMuonCorrelation_i395>, 'ChargeCorrelation') => 28.0
DEBUG: ResourceTray.measure(<instance MuonMuonCorrelation_i395>) => Payload(BRAMs=0.00%, sliceLUTs=0.21%, DSPs=0.00%)
DEBUG: ResourceTray.calc_cut_factor(<instance MuonMuonCorrelation_i45>, 'DeltaEta') => 28.0
DEBUG: ResourceTray.measure(<instance MuonMuonCorrelation_i45>) => Payload(BRAMs=0.00%, sliceLUTs=0.06%, DSPs=0.00%)
DEBUG: ResourceTray.calc_cut_factor(<instance MuonMuonCorrelation_i46>, 'DeltaEta') => 28.0
DEBUG: ResourceTray.measure(<instance MuonMuonCorrelation_i46>) => Payload(BRAMs=0.00%, sliceLUTs=0.06%, DSPs=0.00%)
DEBUG: ResourceTray.calc_cut_factor(<instance MuonMuonCorrelation_i47>, 'DeltaEta') => 28.0
DEBUG: ResourceTray.calc_cut_factor(<instance MuonMuonCorrelation_i47>, 'ChargeCorrelation') => 28.0
DEBUG: ResourceTray.measure(<instance MuonMuonCorrelation_i47>) => Payload(BRAMs=0.00%, sliceLUTs=0.06%, DSPs=0.00%)
DEBUG: ResourceTray.calc_cut_factor(<instance MuonMuonCorrelation_i50>, 'DeltaR') => 28.0
DEBUG: ResourceTray.measure(<instance MuonMuonCorrelation_i50>) => Payload(BRAMs=0.00%, sliceLUTs=0.21%, DSPs=0.00%)
DEBUG: ResourceTray.calc_cut_factor(<instance MuonMuonCorrelation_i51>, 'DeltaEta') => 28.0
DEBUG: ResourceTray.calc_cut_factor(<instance MuonMuonCorrelation_i51>, 'ChargeCorrelation') => 28.0
DEBUG: ResourceTray.measure(<instance MuonMuonCorrelation_i51>) => Payload(BRAMs=0.00%, sliceLUTs=0.06%, DSPs=0.00%)
DEBUG: ResourceTray.calc_cut_factor(<instance MuonMuonCorrelation_i52>, 'DeltaR') => 28.0
DEBUG: ResourceTray.calc_cut_factor(<instance MuonMuonCorrelation_i52>, 'ChargeCorrelation') => 28.0
DEBUG: ResourceTray.measure(<instance MuonMuonCorrelation_i52>) => Payload(BRAMs=0.00%, sliceLUTs=0.21%, DSPs=0.00%)
DEBUG: ResourceTray.calc_cut_factor(<instance MuonMuonCorrelation_i53>, 'DeltaEta') => 28.0
DEBUG: ResourceTray.calc_cut_factor(<instance MuonMuonCorrelation_i53>, 'ChargeCorrelation') => 28.0
DEBUG: ResourceTray.measure(<instance MuonMuonCorrelation_i53>) => Payload(BRAMs=0.00%, sliceLUTs=0.06%, DSPs=0.00%)
DEBUG: ResourceTray.calc_cut_factor(<instance MuonMuonCorrelation_i54>, 'DeltaEta') => 28.0
DEBUG: ResourceTray.calc_cut_factor(<instance MuonMuonCorrelation_i54>, 'ChargeCorrelation') => 28.0
DEBUG: ResourceTray.measure(<instance MuonMuonCorrelation_i54>) => Payload(BRAMs=0.00%, sliceLUTs=0.06%, DSPs=0.00%)
DEBUG: ResourceTray.calc_cut_factor(<instance MuonMuonCorrelation_i56>, 'DeltaR') => 28.0
DEBUG: ResourceTray.calc_cut_factor(<instance MuonMuonCorrelation_i56>, 'ChargeCorrelation') => 28.0
DEBUG: ResourceTray.measure(<instance MuonMuonCorrelation_i56>) => Payload(BRAMs=0.00%, sliceLUTs=0.21%, DSPs=0.00%)
DEBUG: ResourceTray.calc_cut_factor(<instance MuonMuonCorrelation_i58>, 'DeltaR') => 28.0
DEBUG: ResourceTray.calc_cut_factor(<instance MuonMuonCorrelation_i58>, 'ChargeCorrelation') => 28.0
DEBUG: ResourceTray.measure(<instance MuonMuonCorrelation_i58>) => Payload(BRAMs=0.00%, sliceLUTs=0.20%, DSPs=0.00%)
DEBUG: ResourceTray.calc_cut_factor(<instance MuonMuonCorrelation_i62>, 'DeltaR') => 28.0
DEBUG: ResourceTray.calc_cut_factor(<instance MuonMuonCorrelation_i62>, 'ChargeCorrelation') => 28.0
DEBUG: ResourceTray.measure(<instance MuonMuonCorrelation_i62>) => Payload(BRAMs=0.00%, sliceLUTs=0.20%, DSPs=0.00%)
DEBUG: ResourceTray.measure(<instance MuonShower0_i83>) => Payload(BRAMs=0.00%, sliceLUTs=0.00%, DSPs=0.00%)
DEBUG: ResourceTray.measure(<instance MuonShower1_i84>) => Payload(BRAMs=0.00%, sliceLUTs=0.00%, DSPs=0.00%)
DEBUG: ResourceTray.measure(<instance MuonShower2_i335>) => Payload(BRAMs=0.00%, sliceLUTs=0.00%, DSPs=0.00%)
DEBUG: ResourceTray.measure(<instance QuadJET_i215>) => Payload(BRAMs=0.00%, sliceLUTs=0.45%, DSPs=0.00%)
DEBUG: ResourceTray.measure(<instance QuadJET_i263>) => Payload(BRAMs=0.00%, sliceLUTs=0.42%, DSPs=0.00%)
DEBUG: ResourceTray.measure(<instance QuadJET_i266>) => Payload(BRAMs=0.00%, sliceLUTs=0.45%, DSPs=0.00%)
DEBUG: ResourceTray.measure(<instance QuadJET_i275>) => Payload(BRAMs=0.00%, sliceLUTs=0.45%, DSPs=0.00%)
DEBUG: ResourceTray.measure(<instance QuadJET_i276>) => Payload(BRAMs=0.00%, sliceLUTs=0.45%, DSPs=0.00%)
DEBUG: ResourceTray.measure(<instance QuadJET_i277>) => Payload(BRAMs=0.00%, sliceLUTs=0.45%, DSPs=0.00%)
DEBUG: ResourceTray.measure(<instance QuadJET_i278>) => Payload(BRAMs=0.00%, sliceLUTs=0.45%, DSPs=0.00%)
DEBUG: ResourceTray.measure(<instance QuadJET_i349>) => Payload(BRAMs=0.00%, sliceLUTs=0.45%, DSPs=0.00%)
DEBUG: ResourceTray.measure(<instance QuadMU_i80>) => Payload(BRAMs=0.00%, sliceLUTs=0.03%, DSPs=0.00%)
DEBUG: ResourceTray.measure(<instance QuadMU_i81>) => Payload(BRAMs=0.00%, sliceLUTs=0.03%, DSPs=0.00%)
DEBUG: ResourceTray.measure(<instance QuadMU_i82>) => Payload(BRAMs=0.00%, sliceLUTs=0.03%, DSPs=0.00%)
DEBUG: ResourceTray.measure(<instance SingleEG_i134>) => Payload(BRAMs=0.00%, sliceLUTs=0.02%, DSPs=0.00%)
DEBUG: ResourceTray.measure(<instance SingleEG_i135>) => Payload(BRAMs=0.00%, sliceLUTs=0.02%, DSPs=0.00%)
DEBUG: ResourceTray.measure(<instance SingleEG_i136>) => Payload(BRAMs=0.00%, sliceLUTs=0.02%, DSPs=0.00%)
DEBUG: ResourceTray.measure(<instance SingleEG_i137>) => Payload(BRAMs=0.00%, sliceLUTs=0.02%, DSPs=0.00%)
DEBUG: ResourceTray.measure(<instance SingleEG_i138>) => Payload(BRAMs=0.00%, sliceLUTs=0.02%, DSPs=0.00%)
DEBUG: ResourceTray.measure(<instance SingleEG_i139>) => Payload(BRAMs=0.00%, sliceLUTs=0.02%, DSPs=0.00%)
DEBUG: ResourceTray.measure(<instance SingleEG_i140>) => Payload(BRAMs=0.00%, sliceLUTs=0.02%, DSPs=0.00%)
DEBUG: ResourceTray.measure(<instance SingleEG_i141>) => Payload(BRAMs=0.00%, sliceLUTs=0.02%, DSPs=0.00%)
DEBUG: ResourceTray.measure(<instance SingleEG_i142>) => Payload(BRAMs=0.00%, sliceLUTs=0.02%, DSPs=0.00%)
DEBUG: ResourceTray.measure(<instance SingleEG_i143>) => Payload(BRAMs=0.00%, sliceLUTs=0.02%, DSPs=0.00%)
DEBUG: ResourceTray.measure(<instance SingleEG_i144>) => Payload(BRAMs=0.00%, sliceLUTs=0.02%, DSPs=0.00%)
DEBUG: ResourceTray.measure(<instance SingleEG_i145>) => Payload(BRAMs=0.00%, sliceLUTs=0.02%, DSPs=0.00%)
DEBUG: ResourceTray.measure(<instance SingleEG_i146>) => Payload(BRAMs=0.00%, sliceLUTs=0.02%, DSPs=0.00%)
DEBUG: ResourceTray.measure(<instance SingleEG_i147>) => Payload(BRAMs=0.00%, sliceLUTs=0.02%, DSPs=0.00%)
DEBUG: ResourceTray.measure(<instance SingleEG_i148>) => Payload(BRAMs=0.00%, sliceLUTs=0.01%, DSPs=0.00%)
DEBUG: ResourceTray.measure(<instance SingleEG_i149>) => Payload(BRAMs=0.00%, sliceLUTs=0.01%, DSPs=0.00%)
DEBUG: ResourceTray.measure(<instance SingleEG_i150>) => Payload(BRAMs=0.00%, sliceLUTs=0.02%, DSPs=0.00%)
DEBUG: ResourceTray.measure(<instance SingleEG_i151>) => Payload(BRAMs=0.00%, sliceLUTs=0.02%, DSPs=0.00%)
DEBUG: ResourceTray.measure(<instance SingleEG_i152>) => Payload(BRAMs=0.00%, sliceLUTs=0.02%, DSPs=0.00%)
DEBUG: ResourceTray.measure(<instance SingleEG_i153>) => Payload(BRAMs=0.00%, sliceLUTs=0.02%, DSPs=0.00%)
DEBUG: ResourceTray.measure(<instance SingleEG_i154>) => Payload(BRAMs=0.00%, sliceLUTs=0.02%, DSPs=0.00%)
DEBUG: ResourceTray.measure(<instance SingleEG_i155>) => Payload(BRAMs=0.00%, sliceLUTs=0.02%, DSPs=0.00%)
DEBUG: ResourceTray.measure(<instance SingleEG_i156>) => Payload(BRAMs=0.00%, sliceLUTs=0.02%, DSPs=0.00%)
DEBUG: ResourceTray.measure(<instance SingleEG_i157>) => Payload(BRAMs=0.00%, sliceLUTs=0.02%, DSPs=0.00%)
DEBUG: ResourceTray.measure(<instance SingleEG_i158>) => Payload(BRAMs=0.00%, sliceLUTs=0.02%, DSPs=0.00%)
DEBUG: ResourceTray.measure(<instance SingleEG_i159>) => Payload(BRAMs=0.00%, sliceLUTs=0.02%, DSPs=0.00%)
DEBUG: ResourceTray.measure(<instance SingleEG_i160>) => Payload(BRAMs=0.00%, sliceLUTs=0.02%, DSPs=0.00%)
DEBUG: ResourceTray.measure(<instance SingleEG_i161>) => Payload(BRAMs=0.00%, sliceLUTs=0.02%, DSPs=0.00%)
DEBUG: ResourceTray.measure(<instance SingleEG_i162>) => Payload(BRAMs=0.00%, sliceLUTs=0.02%, DSPs=0.00%)
DEBUG: ResourceTray.measure(<instance SingleEG_i163>) => Payload(BRAMs=0.00%, sliceLUTs=0.02%, DSPs=0.00%)
DEBUG: ResourceTray.measure(<instance SingleEG_i164>) => Payload(BRAMs=0.00%, sliceLUTs=0.02%, DSPs=0.00%)
DEBUG: ResourceTray.measure(<instance SingleEG_i165>) => Payload(BRAMs=0.00%, sliceLUTs=0.02%, DSPs=0.00%)
DEBUG: ResourceTray.measure(<instance SingleEG_i166>) => Payload(BRAMs=0.00%, sliceLUTs=0.02%, DSPs=0.00%)
DEBUG: ResourceTray.measure(<instance SingleEG_i167>) => Payload(BRAMs=0.00%, sliceLUTs=0.02%, DSPs=0.00%)
DEBUG: ResourceTray.measure(<instance SingleEG_i168>) => Payload(BRAMs=0.00%, sliceLUTs=0.02%, DSPs=0.00%)
DEBUG: ResourceTray.measure(<instance SingleEG_i169>) => Payload(BRAMs=0.00%, sliceLUTs=0.02%, DSPs=0.00%)
DEBUG: ResourceTray.measure(<instance SingleEG_i170>) => Payload(BRAMs=0.00%, sliceLUTs=0.02%, DSPs=0.00%)
DEBUG: ResourceTray.measure(<instance SingleEG_i171>) => Payload(BRAMs=0.00%, sliceLUTs=0.02%, DSPs=0.00%)
DEBUG: ResourceTray.measure(<instance SingleEG_i377>) => Payload(BRAMs=0.00%, sliceLUTs=0.02%, DSPs=0.00%)
DEBUG: ResourceTray.measure(<instance SingleEG_i384>) => Payload(BRAMs=0.00%, sliceLUTs=0.02%, DSPs=0.00%)
DEBUG: ResourceTray.measure(<instance SingleEG_i458>) => Payload(BRAMs=0.00%, sliceLUTs=0.01%, DSPs=0.00%)
DEBUG: ResourceTray.measure(<instance SingleEG_i459>) => Payload(BRAMs=0.00%, sliceLUTs=0.01%, DSPs=0.00%)
DEBUG: ResourceTray.measure(<instance SingleEG_i460>) => Payload(BRAMs=0.00%, sliceLUTs=0.02%, DSPs=0.00%)
DEBUG: ResourceTray.measure(<instance SingleEG_i461>) => Payload(BRAMs=0.00%, sliceLUTs=0.02%, DSPs=0.00%)
DEBUG: ResourceTray.measure(<instance SingleEG_i470>) => Payload(BRAMs=0.00%, sliceLUTs=0.02%, DSPs=0.00%)
DEBUG: ResourceTray.measure(<instance SingleEG_i471>) => Payload(BRAMs=0.00%, sliceLUTs=0.01%, DSPs=0.00%)
DEBUG: ResourceTray.measure(<instance SingleEG_i472>) => Payload(BRAMs=0.00%, sliceLUTs=0.02%, DSPs=0.00%)
DEBUG: ResourceTray.measure(<instance SingleEG_i473>) => Payload(BRAMs=0.00%, sliceLUTs=0.02%, DSPs=0.00%)
DEBUG: ResourceTray.measure(<instance SingleEG_i85>) => Payload(BRAMs=0.00%, sliceLUTs=0.02%, DSPs=0.00%)
DEBUG: ResourceTray.measure(<instance SingleEG_i86>) => Payload(BRAMs=0.00%, sliceLUTs=0.02%, DSPs=0.00%)
DEBUG: ResourceTray.measure(<instance SingleEG_i87>) => Payload(BRAMs=0.00%, sliceLUTs=0.02%, DSPs=0.00%)
DEBUG: ResourceTray.measure(<instance SingleEG_i88>) => Payload(BRAMs=0.00%, sliceLUTs=0.02%, DSPs=0.00%)
DEBUG: ResourceTray.measure(<instance SingleEG_i89>) => Payload(BRAMs=0.00%, sliceLUTs=0.02%, DSPs=0.00%)
DEBUG: ResourceTray.measure(<instance SingleEG_i96>) => Payload(BRAMs=0.00%, sliceLUTs=0.02%, DSPs=0.00%)
DEBUG: ResourceTray.measure(<instance SingleETMHF_i117>) => Payload(BRAMs=0.00%, sliceLUTs=0.00%, DSPs=0.00%)
DEBUG: ResourceTray.measure(<instance SingleETMHF_i118>) => Payload(BRAMs=0.00%, sliceLUTs=0.00%, DSPs=0.00%)
DEBUG: ResourceTray.measure(<instance SingleETMHF_i119>) => Payload(BRAMs=0.00%, sliceLUTs=0.00%, DSPs=0.00%)
DEBUG: ResourceTray.measure(<instance SingleETMHF_i132>) => Payload(BRAMs=0.00%, sliceLUTs=0.00%, DSPs=0.00%)
DEBUG: ResourceTray.measure(<instance SingleETMHF_i243>) => Payload(BRAMs=0.00%, sliceLUTs=0.00%, DSPs=0.00%)
DEBUG: ResourceTray.measure(<instance SingleETMHF_i246>) => Payload(BRAMs=0.00%, sliceLUTs=0.00%, DSPs=0.00%)
DEBUG: ResourceTray.measure(<instance SingleETMHF_i286>) => Payload(BRAMs=0.00%, sliceLUTs=0.00%, DSPs=0.00%)
DEBUG: ResourceTray.measure(<instance SingleETMHF_i287>) => Payload(BRAMs=0.00%, sliceLUTs=0.00%, DSPs=0.00%)
DEBUG: ResourceTray.measure(<instance SingleETMHF_i288>) => Payload(BRAMs=0.00%, sliceLUTs=0.00%, DSPs=0.00%)
DEBUG: ResourceTray.measure(<instance SingleETMHF_i289>) => Payload(BRAMs=0.00%, sliceLUTs=0.00%, DSPs=0.00%)
DEBUG: ResourceTray.measure(<instance SingleETMHF_i290>) => Payload(BRAMs=0.00%, sliceLUTs=0.00%, DSPs=0.00%)
DEBUG: ResourceTray.measure(<instance SingleETMHF_i291>) => Payload(BRAMs=0.00%, sliceLUTs=0.00%, DSPs=0.00%)
DEBUG: ResourceTray.measure(<instance SingleETMHF_i292>) => Payload(BRAMs=0.00%, sliceLUTs=0.00%, DSPs=0.00%)
DEBUG: ResourceTray.measure(<instance SingleETMHF_i374>) => Payload(BRAMs=0.00%, sliceLUTs=0.00%, DSPs=0.00%)
DEBUG: ResourceTray.measure(<instance SingleETM_i284>) => Payload(BRAMs=0.00%, sliceLUTs=0.00%, DSPs=0.00%)
DEBUG: ResourceTray.measure(<instance SingleETM_i285>) => Payload(BRAMs=0.00%, sliceLUTs=0.00%, DSPs=0.00%)
DEBUG: ResourceTray.measure(<instance SingleETT_i283>) => Payload(BRAMs=0.00%, sliceLUTs=0.00%, DSPs=0.00%)
DEBUG: ResourceTray.measure(<instance SingleEXT_i293>) => Payload(BRAMs=0.00%, sliceLUTs=0.00%, DSPs=0.00%)
DEBUG: ResourceTray.measure(<instance SingleEXT_i295>) => Payload(BRAMs=0.00%, sliceLUTs=0.00%, DSPs=0.00%)
DEBUG: ResourceTray.measure(<instance SingleEXT_i296>) => Payload(BRAMs=0.00%, sliceLUTs=0.00%, DSPs=0.00%)
DEBUG: ResourceTray.measure(<instance SingleEXT_i301>) => Payload(BRAMs=0.00%, sliceLUTs=0.00%, DSPs=0.00%)
DEBUG: ResourceTray.measure(<instance SingleEXT_i304>) => Payload(BRAMs=0.00%, sliceLUTs=0.00%, DSPs=0.00%)
DEBUG: ResourceTray.measure(<instance SingleEXT_i305>) => Payload(BRAMs=0.00%, sliceLUTs=0.00%, DSPs=0.00%)
DEBUG: ResourceTray.measure(<instance SingleEXT_i306>) => Payload(BRAMs=0.00%, sliceLUTs=0.00%, DSPs=0.00%)
DEBUG: ResourceTray.measure(<instance SingleEXT_i307>) => Payload(BRAMs=0.00%, sliceLUTs=0.00%, DSPs=0.00%)
DEBUG: ResourceTray.measure(<instance SingleEXT_i308>) => Payload(BRAMs=0.00%, sliceLUTs=0.00%, DSPs=0.00%)
DEBUG: ResourceTray.measure(<instance SingleEXT_i309>) => Payload(BRAMs=0.00%, sliceLUTs=0.00%, DSPs=0.00%)
DEBUG: ResourceTray.measure(<instance SingleEXT_i310>) => Payload(BRAMs=0.00%, sliceLUTs=0.00%, DSPs=0.00%)
DEBUG: ResourceTray.measure(<instance SingleEXT_i311>) => Payload(BRAMs=0.00%, sliceLUTs=0.00%, DSPs=0.00%)
DEBUG: ResourceTray.measure(<instance SingleEXT_i312>) => Payload(BRAMs=0.00%, sliceLUTs=0.00%, DSPs=0.00%)
DEBUG: ResourceTray.measure(<instance SingleEXT_i313>) => Payload(BRAMs=0.00%, sliceLUTs=0.00%, DSPs=0.00%)
DEBUG: ResourceTray.measure(<instance SingleEXT_i314>) => Payload(BRAMs=0.00%, sliceLUTs=0.00%, DSPs=0.00%)
DEBUG: ResourceTray.measure(<instance SingleEXT_i315>) => Payload(BRAMs=0.00%, sliceLUTs=0.00%, DSPs=0.00%)
DEBUG: ResourceTray.measure(<instance SingleEXT_i316>) => Payload(BRAMs=0.00%, sliceLUTs=0.00%, DSPs=0.00%)
DEBUG: ResourceTray.measure(<instance SingleEXT_i317>) => Payload(BRAMs=0.00%, sliceLUTs=0.00%, DSPs=0.00%)
DEBUG: ResourceTray.measure(<instance SingleEXT_i318>) => Payload(BRAMs=0.00%, sliceLUTs=0.00%, DSPs=0.00%)
DEBUG: ResourceTray.measure(<instance SingleEXT_i319>) => Payload(BRAMs=0.00%, sliceLUTs=0.00%, DSPs=0.00%)
DEBUG: ResourceTray.measure(<instance SingleEXT_i320>) => Payload(BRAMs=0.00%, sliceLUTs=0.00%, DSPs=0.00%)
DEBUG: ResourceTray.measure(<instance SingleEXT_i321>) => Payload(BRAMs=0.00%, sliceLUTs=0.00%, DSPs=0.00%)
DEBUG: ResourceTray.measure(<instance SingleEXT_i322>) => Payload(BRAMs=0.00%, sliceLUTs=0.00%, DSPs=0.00%)
DEBUG: ResourceTray.measure(<instance SingleEXT_i323>) => Payload(BRAMs=0.00%, sliceLUTs=0.00%, DSPs=0.00%)
DEBUG: ResourceTray.measure(<instance SingleEXT_i324>) => Payload(BRAMs=0.00%, sliceLUTs=0.00%, DSPs=0.00%)
DEBUG: ResourceTray.measure(<instance SingleEXT_i325>) => Payload(BRAMs=0.00%, sliceLUTs=0.00%, DSPs=0.00%)
DEBUG: ResourceTray.measure(<instance SingleEXT_i326>) => Payload(BRAMs=0.00%, sliceLUTs=0.00%, DSPs=0.00%)
DEBUG: ResourceTray.measure(<instance SingleEXT_i327>) => Payload(BRAMs=0.00%, sliceLUTs=0.00%, DSPs=0.00%)
DEBUG: ResourceTray.measure(<instance SingleEXT_i329>) => Payload(BRAMs=0.00%, sliceLUTs=0.00%, DSPs=0.00%)
DEBUG: ResourceTray.measure(<instance SingleEXT_i330>) => Payload(BRAMs=0.00%, sliceLUTs=0.00%, DSPs=0.00%)
DEBUG: ResourceTray.measure(<instance SingleEXT_i331>) => Payload(BRAMs=0.00%, sliceLUTs=0.00%, DSPs=0.00%)
DEBUG: ResourceTray.measure(<instance SingleEXT_i332>) => Payload(BRAMs=0.00%, sliceLUTs=0.00%, DSPs=0.00%)
DEBUG: ResourceTray.measure(<instance SingleEXT_i333>) => Payload(BRAMs=0.00%, sliceLUTs=0.00%, DSPs=0.00%)
DEBUG: ResourceTray.measure(<instance SingleEXT_i334>) => Payload(BRAMs=0.00%, sliceLUTs=0.00%, DSPs=0.00%)
DEBUG: ResourceTray.measure(<instance SingleHTMHF_i403>) => Payload(BRAMs=0.00%, sliceLUTs=0.00%, DSPs=0.00%)
DEBUG: ResourceTray.measure(<instance SingleHTMHF_i404>) => Payload(BRAMs=0.00%, sliceLUTs=0.00%, DSPs=0.00%)
DEBUG: ResourceTray.measure(<instance SingleHTMHF_i405>) => Payload(BRAMs=0.00%, sliceLUTs=0.00%, DSPs=0.00%)
DEBUG: ResourceTray.measure(<instance SingleHTMHF_i406>) => Payload(BRAMs=0.00%, sliceLUTs=0.00%, DSPs=0.00%)
DEBUG: ResourceTray.measure(<instance SingleHTMHF_i407>) => Payload(BRAMs=0.00%, sliceLUTs=0.00%, DSPs=0.00%)
DEBUG: ResourceTray.measure(<instance SingleHTT_i120>) => Payload(BRAMs=0.00%, sliceLUTs=0.00%, DSPs=0.00%)
DEBUG: ResourceTray.measure(<instance SingleHTT_i121>) => Payload(BRAMs=0.00%, sliceLUTs=0.00%, DSPs=0.00%)
DEBUG: ResourceTray.measure(<instance SingleHTT_i129>) => Payload(BRAMs=0.00%, sliceLUTs=0.00%, DSPs=0.00%)
DEBUG: ResourceTray.measure(<instance SingleHTT_i133>) => Payload(BRAMs=0.00%, sliceLUTs=0.00%, DSPs=0.00%)
DEBUG: ResourceTray.measure(<instance SingleHTT_i189>) => Payload(BRAMs=0.00%, sliceLUTs=0.00%, DSPs=0.00%)
DEBUG: ResourceTray.measure(<instance SingleHTT_i190>) => Payload(BRAMs=0.00%, sliceLUTs=0.00%, DSPs=0.00%)
DEBUG: ResourceTray.measure(<instance SingleHTT_i191>) => Payload(BRAMs=0.00%, sliceLUTs=0.00%, DSPs=0.00%)
DEBUG: ResourceTray.measure(<instance SingleHTT_i269>) => Payload(BRAMs=0.00%, sliceLUTs=0.00%, DSPs=0.00%)
DEBUG: ResourceTray.measure(<instance SingleHTT_i271>) => Payload(BRAMs=0.00%, sliceLUTs=0.00%, DSPs=0.00%)
DEBUG: ResourceTray.measure(<instance SingleHTT_i273>) => Payload(BRAMs=0.00%, sliceLUTs=0.00%, DSPs=0.00%)
DEBUG: ResourceTray.measure(<instance SingleHTT_i279>) => Payload(BRAMs=0.00%, sliceLUTs=0.00%, DSPs=0.00%)
DEBUG: ResourceTray.measure(<instance SingleHTT_i280>) => Payload(BRAMs=0.00%, sliceLUTs=0.00%, DSPs=0.00%)
DEBUG: ResourceTray.measure(<instance SingleHTT_i281>) => Payload(BRAMs=0.00%, sliceLUTs=0.00%, DSPs=0.00%)
DEBUG: ResourceTray.measure(<instance SingleHTT_i282>) => Payload(BRAMs=0.00%, sliceLUTs=0.00%, DSPs=0.00%)
DEBUG: ResourceTray.measure(<instance SingleHTT_i376>) => Payload(BRAMs=0.00%, sliceLUTs=0.00%, DSPs=0.00%)
DEBUG: ResourceTray.measure(<instance SingleJET_i102>) => Payload(BRAMs=0.00%, sliceLUTs=0.02%, DSPs=0.00%)
DEBUG: ResourceTray.measure(<instance SingleJET_i116>) => Payload(BRAMs=0.00%, sliceLUTs=0.02%, DSPs=0.00%)
DEBUG: ResourceTray.measure(<instance SingleJET_i130>) => Payload(BRAMs=0.00%, sliceLUTs=0.02%, DSPs=0.00%)
DEBUG: ResourceTray.measure(<instance SingleJET_i207>) => Payload(BRAMs=0.00%, sliceLUTs=0.01%, DSPs=0.00%)
DEBUG: ResourceTray.measure(<instance SingleJET_i208>) => Payload(BRAMs=0.00%, sliceLUTs=0.01%, DSPs=0.00%)
DEBUG: ResourceTray.measure(<instance SingleJET_i217>) => Payload(BRAMs=0.00%, sliceLUTs=0.01%, DSPs=0.00%)
DEBUG: ResourceTray.measure(<instance SingleJET_i218>) => Payload(BRAMs=0.00%, sliceLUTs=0.01%, DSPs=0.00%)
DEBUG: ResourceTray.measure(<instance SingleJET_i219>) => Payload(BRAMs=0.00%, sliceLUTs=0.01%, DSPs=0.00%)
DEBUG: ResourceTray.measure(<instance SingleJET_i220>) => Payload(BRAMs=0.00%, sliceLUTs=0.01%, DSPs=0.00%)
DEBUG: ResourceTray.measure(<instance SingleJET_i221>) => Payload(BRAMs=0.00%, sliceLUTs=0.01%, DSPs=0.00%)
DEBUG: ResourceTray.measure(<instance SingleJET_i222>) => Payload(BRAMs=0.00%, sliceLUTs=0.01%, DSPs=0.00%)
DEBUG: ResourceTray.measure(<instance SingleJET_i223>) => Payload(BRAMs=0.00%, sliceLUTs=0.02%, DSPs=0.00%)
DEBUG: ResourceTray.measure(<instance SingleJET_i224>) => Payload(BRAMs=0.00%, sliceLUTs=0.02%, DSPs=0.00%)
DEBUG: ResourceTray.measure(<instance SingleJET_i225>) => Payload(BRAMs=0.00%, sliceLUTs=0.02%, DSPs=0.00%)
DEBUG: ResourceTray.measure(<instance SingleJET_i226>) => Payload(BRAMs=0.00%, sliceLUTs=0.02%, DSPs=0.00%)
DEBUG: ResourceTray.measure(<instance SingleJET_i227>) => Payload(BRAMs=0.00%, sliceLUTs=0.02%, DSPs=0.00%)
DEBUG: ResourceTray.measure(<instance SingleJET_i228>) => Payload(BRAMs=0.00%, sliceLUTs=0.02%, DSPs=0.00%)
DEBUG: ResourceTray.measure(<instance SingleJET_i229>) => Payload(BRAMs=0.00%, sliceLUTs=0.02%, DSPs=0.00%)
DEBUG: ResourceTray.measure(<instance SingleJET_i230>) => Payload(BRAMs=0.00%, sliceLUTs=0.02%, DSPs=0.00%)
DEBUG: ResourceTray.measure(<instance SingleJET_i231>) => Payload(BRAMs=0.00%, sliceLUTs=0.02%, DSPs=0.00%)
DEBUG: ResourceTray.measure(<instance SingleJET_i232>) => Payload(BRAMs=0.00%, sliceLUTs=0.02%, DSPs=0.00%)
DEBUG: ResourceTray.measure(<instance SingleJET_i233>) => Payload(BRAMs=0.00%, sliceLUTs=0.02%, DSPs=0.00%)
DEBUG: ResourceTray.measure(<instance SingleJET_i234>) => Payload(BRAMs=0.00%, sliceLUTs=0.02%, DSPs=0.00%)
DEBUG: ResourceTray.measure(<instance SingleJET_i235>) => Payload(BRAMs=0.00%, sliceLUTs=0.02%, DSPs=0.00%)
DEBUG: ResourceTray.measure(<instance SingleJET_i236>) => Payload(BRAMs=0.00%, sliceLUTs=0.02%, DSPs=0.00%)
DEBUG: ResourceTray.measure(<instance SingleJET_i237>) => Payload(BRAMs=0.00%, sliceLUTs=0.02%, DSPs=0.00%)
DEBUG: ResourceTray.measure(<instance SingleJET_i238>) => Payload(BRAMs=0.00%, sliceLUTs=0.02%, DSPs=0.00%)
DEBUG: ResourceTray.measure(<instance SingleJET_i239>) => Payload(BRAMs=0.00%, sliceLUTs=0.02%, DSPs=0.00%)
DEBUG: ResourceTray.measure(<instance SingleJET_i240>) => Payload(BRAMs=0.00%, sliceLUTs=0.02%, DSPs=0.00%)
DEBUG: ResourceTray.measure(<instance SingleJET_i241>) => Payload(BRAMs=0.00%, sliceLUTs=0.02%, DSPs=0.00%)
DEBUG: ResourceTray.measure(<instance SingleJET_i242>) => Payload(BRAMs=0.00%, sliceLUTs=0.02%, DSPs=0.00%)
DEBUG: ResourceTray.measure(<instance SingleJET_i264>) => Payload(BRAMs=0.00%, sliceLUTs=0.02%, DSPs=0.00%)
DEBUG: ResourceTray.measure(<instance SingleJET_i265>) => Payload(BRAMs=0.00%, sliceLUTs=0.02%, DSPs=0.00%)
DEBUG: ResourceTray.measure(<instance SingleJET_i268>) => Payload(BRAMs=0.00%, sliceLUTs=0.01%, DSPs=0.00%)
DEBUG: ResourceTray.measure(<instance SingleJET_i270>) => Payload(BRAMs=0.00%, sliceLUTs=0.01%, DSPs=0.00%)
DEBUG: ResourceTray.measure(<instance SingleJET_i272>) => Payload(BRAMs=0.00%, sliceLUTs=0.01%, DSPs=0.00%)
DEBUG: ResourceTray.measure(<instance SingleJET_i274>) => Payload(BRAMs=0.00%, sliceLUTs=0.01%, DSPs=0.00%)
DEBUG: ResourceTray.measure(<instance SingleJET_i298>) => Payload(BRAMs=0.00%, sliceLUTs=0.02%, DSPs=0.00%)
DEBUG: ResourceTray.measure(<instance SingleJET_i299>) => Payload(BRAMs=0.00%, sliceLUTs=0.02%, DSPs=0.00%)
DEBUG: ResourceTray.measure(<instance SingleJET_i300>) => Payload(BRAMs=0.00%, sliceLUTs=0.02%, DSPs=0.00%)
DEBUG: ResourceTray.measure(<instance SingleJET_i342>) => Payload(BRAMs=0.00%, sliceLUTs=0.02%, DSPs=0.00%)
DEBUG: ResourceTray.measure(<instance SingleJET_i343>) => Payload(BRAMs=0.00%, sliceLUTs=0.02%, DSPs=0.00%)
DEBUG: ResourceTray.measure(<instance SingleJET_i351>) => Payload(BRAMs=0.00%, sliceLUTs=0.02%, DSPs=0.00%)
DEBUG: ResourceTray.measure(<instance SingleJET_i352>) => Payload(BRAMs=0.00%, sliceLUTs=0.02%, DSPs=0.00%)
DEBUG: ResourceTray.measure(<instance SingleJET_i354>) => Payload(BRAMs=0.00%, sliceLUTs=0.02%, DSPs=0.00%)
DEBUG: ResourceTray.measure(<instance SingleJET_i355>) => Payload(BRAMs=0.00%, sliceLUTs=0.02%, DSPs=0.00%)
DEBUG: ResourceTray.measure(<instance SingleJET_i357>) => Payload(BRAMs=0.00%, sliceLUTs=0.02%, DSPs=0.00%)
DEBUG: ResourceTray.measure(<instance SingleJET_i358>) => Payload(BRAMs=0.00%, sliceLUTs=0.02%, DSPs=0.00%)
DEBUG: ResourceTray.measure(<instance SingleJET_i447>) => Payload(BRAMs=0.00%, sliceLUTs=0.01%, DSPs=0.00%)
DEBUG: ResourceTray.measure(<instance SingleJET_i448>) => Payload(BRAMs=0.00%, sliceLUTs=0.01%, DSPs=0.00%)
DEBUG: ResourceTray.measure(<instance SingleJET_i449>) => Payload(BRAMs=0.00%, sliceLUTs=0.01%, DSPs=0.00%)
DEBUG: ResourceTray.measure(<instance SingleJET_i450>) => Payload(BRAMs=0.00%, sliceLUTs=0.01%, DSPs=0.00%)
DEBUG: ResourceTray.measure(<instance SingleJET_i451>) => Payload(BRAMs=0.00%, sliceLUTs=0.01%, DSPs=0.00%)
DEBUG: ResourceTray.measure(<instance SingleJET_i452>) => Payload(BRAMs=0.00%, sliceLUTs=0.02%, DSPs=0.00%)
DEBUG: ResourceTray.measure(<instance SingleJET_i453>) => Payload(BRAMs=0.00%, sliceLUTs=0.02%, DSPs=0.00%)
DEBUG: ResourceTray.measure(<instance SingleJET_i454>) => Payload(BRAMs=0.00%, sliceLUTs=0.02%, DSPs=0.00%)
DEBUG: ResourceTray.measure(<instance SingleJET_i455>) => Payload(BRAMs=0.00%, sliceLUTs=0.02%, DSPs=0.00%)
DEBUG: ResourceTray.measure(<instance SingleJET_i456>) => Payload(BRAMs=0.00%, sliceLUTs=0.02%, DSPs=0.00%)
DEBUG: ResourceTray.measure(<instance SingleJET_i457>) => Payload(BRAMs=0.00%, sliceLUTs=0.02%, DSPs=0.00%)
DEBUG: ResourceTray.measure(<instance SingleJET_i468>) => Payload(BRAMs=0.00%, sliceLUTs=0.02%, DSPs=0.00%)
DEBUG: ResourceTray.measure(<instance SingleJET_i469>) => Payload(BRAMs=0.00%, sliceLUTs=0.02%, DSPs=0.00%)
WARNING: no object cut entry for object type: bias
DEBUG: ResourceTray.measure(<instance SingleMBT0HFM_i303>) => Payload(BRAMs=0.00%, sliceLUTs=0.00%, DSPs=0.00%)
WARNING: no object cut entry for object type: bias
DEBUG: ResourceTray.measure(<instance SingleMBT0HFP_i302>) => Payload(BRAMs=0.00%, sliceLUTs=0.00%, DSPs=0.00%)
DEBUG: ResourceTray.measure(<instance SingleMU_i0>) => Payload(BRAMs=0.00%, sliceLUTs=0.01%, DSPs=0.00%)
DEBUG: ResourceTray.measure(<instance SingleMU_i1>) => Payload(BRAMs=0.00%, sliceLUTs=0.01%, DSPs=0.00%)
DEBUG: ResourceTray.measure(<instance SingleMU_i10>) => Payload(BRAMs=0.00%, sliceLUTs=0.02%, DSPs=0.00%)
DEBUG: ResourceTray.measure(<instance SingleMU_i11>) => Payload(BRAMs=0.00%, sliceLUTs=0.02%, DSPs=0.00%)
DEBUG: ResourceTray.measure(<instance SingleMU_i115>) => Payload(BRAMs=0.00%, sliceLUTs=0.01%, DSPs=0.00%)
DEBUG: ResourceTray.measure(<instance SingleMU_i12>) => Payload(BRAMs=0.00%, sliceLUTs=0.01%, DSPs=0.00%)
DEBUG: ResourceTray.measure(<instance SingleMU_i13>) => Payload(BRAMs=0.00%, sliceLUTs=0.01%, DSPs=0.00%)
DEBUG: ResourceTray.measure(<instance SingleMU_i14>) => Payload(BRAMs=0.00%, sliceLUTs=0.01%, DSPs=0.00%)
DEBUG: ResourceTray.measure(<instance SingleMU_i15>) => Payload(BRAMs=0.00%, sliceLUTs=0.01%, DSPs=0.00%)
DEBUG: ResourceTray.measure(<instance SingleMU_i16>) => Payload(BRAMs=0.00%, sliceLUTs=0.01%, DSPs=0.00%)
DEBUG: ResourceTray.measure(<instance SingleMU_i17>) => Payload(BRAMs=0.00%, sliceLUTs=0.02%, DSPs=0.00%)
DEBUG: ResourceTray.measure(<instance SingleMU_i18>) => Payload(BRAMs=0.00%, sliceLUTs=0.02%, DSPs=0.00%)
DEBUG: ResourceTray.measure(<instance SingleMU_i19>) => Payload(BRAMs=0.00%, sliceLUTs=0.01%, DSPs=0.00%)
DEBUG: ResourceTray.measure(<instance SingleMU_i2>) => Payload(BRAMs=0.00%, sliceLUTs=0.02%, DSPs=0.00%)
DEBUG: ResourceTray.measure(<instance SingleMU_i20>) => Payload(BRAMs=0.00%, sliceLUTs=0.01%, DSPs=0.00%)
DEBUG: ResourceTray.measure(<instance SingleMU_i204>) => Payload(BRAMs=0.00%, sliceLUTs=0.01%, DSPs=0.00%)
DEBUG: ResourceTray.measure(<instance SingleMU_i209>) => Payload(BRAMs=0.00%, sliceLUTs=0.01%, DSPs=0.00%)
DEBUG: ResourceTray.measure(<instance SingleMU_i21>) => Payload(BRAMs=0.00%, sliceLUTs=0.01%, DSPs=0.00%)
DEBUG: ResourceTray.measure(<instance SingleMU_i22>) => Payload(BRAMs=0.00%, sliceLUTs=0.01%, DSPs=0.00%)
DEBUG: ResourceTray.measure(<instance SingleMU_i23>) => Payload(BRAMs=0.00%, sliceLUTs=0.01%, DSPs=0.00%)
DEBUG: ResourceTray.measure(<instance SingleMU_i24>) => Payload(BRAMs=0.00%, sliceLUTs=0.01%, DSPs=0.00%)
DEBUG: ResourceTray.measure(<instance SingleMU_i25>) => Payload(BRAMs=0.00%, sliceLUTs=0.01%, DSPs=0.00%)
DEBUG: ResourceTray.measure(<instance SingleMU_i26>) => Payload(BRAMs=0.00%, sliceLUTs=0.02%, DSPs=0.00%)
DEBUG: ResourceTray.measure(<instance SingleMU_i27>) => Payload(BRAMs=0.00%, sliceLUTs=0.02%, DSPs=0.00%)
DEBUG: ResourceTray.measure(<instance SingleMU_i28>) => Payload(BRAMs=0.00%, sliceLUTs=0.01%, DSPs=0.00%)
DEBUG: ResourceTray.measure(<instance SingleMU_i294>) => Payload(BRAMs=0.00%, sliceLUTs=0.01%, DSPs=0.00%)
DEBUG: ResourceTray.measure(<instance SingleMU_i297>) => Payload(BRAMs=0.00%, sliceLUTs=0.01%, DSPs=0.00%)
DEBUG: ResourceTray.measure(<instance SingleMU_i3>) => Payload(BRAMs=0.00%, sliceLUTs=0.02%, DSPs=0.00%)
DEBUG: ResourceTray.measure(<instance SingleMU_i336>) => Payload(BRAMs=0.00%, sliceLUTs=0.01%, DSPs=0.00%)
DEBUG: ResourceTray.measure(<instance SingleMU_i337>) => Payload(BRAMs=0.00%, sliceLUTs=0.02%, DSPs=0.00%)
DEBUG: ResourceTray.measure(<instance SingleMU_i338>) => Payload(BRAMs=0.00%, sliceLUTs=0.02%, DSPs=0.00%)
DEBUG: ResourceTray.measure(<instance SingleMU_i339>) => Payload(BRAMs=0.00%, sliceLUTs=0.02%, DSPs=0.00%)
DEBUG: ResourceTray.measure(<instance SingleMU_i344>) => Payload(BRAMs=0.00%, sliceLUTs=0.01%, DSPs=0.00%)
DEBUG: ResourceTray.measure(<instance SingleMU_i345>) => Payload(BRAMs=0.00%, sliceLUTs=0.01%, DSPs=0.00%)
DEBUG: ResourceTray.measure(<instance SingleMU_i371>) => Payload(BRAMs=0.00%, sliceLUTs=0.01%, DSPs=0.00%)
DEBUG: ResourceTray.measure(<instance SingleMU_i375>) => Payload(BRAMs=0.00%, sliceLUTs=0.01%, DSPs=0.00%)
DEBUG: ResourceTray.measure(<instance SingleMU_i383>) => Payload(BRAMs=0.00%, sliceLUTs=0.01%, DSPs=0.00%)
DEBUG: ResourceTray.measure(<instance SingleMU_i386>) => Payload(BRAMs=0.00%, sliceLUTs=0.01%, DSPs=0.00%)
DEBUG: ResourceTray.measure(<instance SingleMU_i387>) => Payload(BRAMs=0.00%, sliceLUTs=0.01%, DSPs=0.00%)
DEBUG: ResourceTray.measure(<instance SingleMU_i388>) => Payload(BRAMs=0.00%, sliceLUTs=0.01%, DSPs=0.00%)
DEBUG: ResourceTray.measure(<instance SingleMU_i396>) => Payload(BRAMs=0.00%, sliceLUTs=0.02%, DSPs=0.00%)
DEBUG: ResourceTray.measure(<instance SingleMU_i397>) => Payload(BRAMs=0.00%, sliceLUTs=0.02%, DSPs=0.00%)
DEBUG: ResourceTray.measure(<instance SingleMU_i398>) => Payload(BRAMs=0.00%, sliceLUTs=0.01%, DSPs=0.00%)
DEBUG: ResourceTray.measure(<instance SingleMU_i399>) => Payload(BRAMs=0.00%, sliceLUTs=0.01%, DSPs=0.00%)
DEBUG: ResourceTray.measure(<instance SingleMU_i4>) => Payload(BRAMs=0.00%, sliceLUTs=0.01%, DSPs=0.00%)
DEBUG: ResourceTray.measure(<instance SingleMU_i400>) => Payload(BRAMs=0.00%, sliceLUTs=0.01%, DSPs=0.00%)
DEBUG: ResourceTray.measure(<instance SingleMU_i401>) => Payload(BRAMs=0.00%, sliceLUTs=0.01%, DSPs=0.00%)
DEBUG: ResourceTray.measure(<instance SingleMU_i402>) => Payload(BRAMs=0.00%, sliceLUTs=0.01%, DSPs=0.00%)
DEBUG: ResourceTray.measure(<instance SingleMU_i417>) => Payload(BRAMs=0.00%, sliceLUTs=0.01%, DSPs=0.00%)
DEBUG: ResourceTray.measure(<instance SingleMU_i418>) => Payload(BRAMs=0.00%, sliceLUTs=0.01%, DSPs=0.00%)
DEBUG: ResourceTray.measure(<instance SingleMU_i419>) => Payload(BRAMs=0.00%, sliceLUTs=0.01%, DSPs=0.00%)
DEBUG: ResourceTray.measure(<instance SingleMU_i420>) => Payload(BRAMs=0.00%, sliceLUTs=0.01%, DSPs=0.00%)
DEBUG: ResourceTray.measure(<instance SingleMU_i421>) => Payload(BRAMs=0.00%, sliceLUTs=0.01%, DSPs=0.00%)
DEBUG: ResourceTray.measure(<instance SingleMU_i422>) => Payload(BRAMs=0.00%, sliceLUTs=0.01%, DSPs=0.00%)
DEBUG: ResourceTray.measure(<instance SingleMU_i423>) => Payload(BRAMs=0.00%, sliceLUTs=0.01%, DSPs=0.00%)
DEBUG: ResourceTray.measure(<instance SingleMU_i424>) => Payload(BRAMs=0.00%, sliceLUTs=0.01%, DSPs=0.00%)
DEBUG: ResourceTray.measure(<instance SingleMU_i5>) => Payload(BRAMs=0.00%, sliceLUTs=0.01%, DSPs=0.00%)
DEBUG: ResourceTray.measure(<instance SingleMU_i6>) => Payload(BRAMs=0.00%, sliceLUTs=0.02%, DSPs=0.00%)
DEBUG: ResourceTray.measure(<instance SingleMU_i7>) => Payload(BRAMs=0.00%, sliceLUTs=0.02%, DSPs=0.00%)
DEBUG: ResourceTray.measure(<instance SingleMU_i8>) => Payload(BRAMs=0.00%, sliceLUTs=0.01%, DSPs=0.00%)
DEBUG: ResourceTray.measure(<instance SingleMU_i9>) => Payload(BRAMs=0.00%, sliceLUTs=0.01%, DSPs=0.00%)
DEBUG: ResourceTray.measure(<instance SingleMU_i90>) => Payload(BRAMs=0.00%, sliceLUTs=0.01%, DSPs=0.00%)
DEBUG: ResourceTray.measure(<instance SingleTAU_i195>) => Payload(BRAMs=0.00%, sliceLUTs=0.02%, DSPs=0.00%)
DEBUG: ResourceTray.measure(<instance SingleTAU_i196>) => Payload(BRAMs=0.00%, sliceLUTs=0.02%, DSPs=0.00%)
DEBUG: ResourceTray.measure(<instance SingleTAU_i205>) => Payload(BRAMs=0.00%, sliceLUTs=0.02%, DSPs=0.00%)
DEBUG: ResourceTray.measure(<instance SingleTAU_i206>) => Payload(BRAMs=0.00%, sliceLUTs=0.02%, DSPs=0.00%)
DEBUG: ResourceTray.measure(<instance SingleTAU_i210>) => Payload(BRAMs=0.00%, sliceLUTs=0.02%, DSPs=0.00%)
DEBUG: ResourceTray.measure(<instance SingleTAU_i211>) => Payload(BRAMs=0.00%, sliceLUTs=0.02%, DSPs=0.00%)
DEBUG: ResourceTray.measure(<instance SingleTAU_i212>) => Payload(BRAMs=0.00%, sliceLUTs=0.02%, DSPs=0.00%)
DEBUG: ResourceTray.measure(<instance SingleTAU_i213>) => Payload(BRAMs=0.00%, sliceLUTs=0.02%, DSPs=0.00%)
DEBUG: ResourceTray.measure(<instance SingleTAU_i214>) => Payload(BRAMs=0.00%, sliceLUTs=0.02%, DSPs=0.00%)
DEBUG: ResourceTray.measure(<instance SingleTAU_i216>) => Payload(BRAMs=0.00%, sliceLUTs=0.02%, DSPs=0.00%)
DEBUG: ResourceTray.calc_cut_factor(<instance TransverseMass_i172>, 'Mass') => 12
DEBUG: ResourceTray.measure(<instance TransverseMass_i172>) => Payload(BRAMs=0.00%, sliceLUTs=0.17%, DSPs=0.00%)
DEBUG: ResourceTray.measure(<instance TripleJET_i257>) => Payload(BRAMs=0.00%, sliceLUTs=0.02%, DSPs=0.00%)
DEBUG: ResourceTray.measure(<instance TripleJET_i259>) => Payload(BRAMs=0.00%, sliceLUTs=0.02%, DSPs=0.00%)
DEBUG: ResourceTray.measure(<instance TripleJET_i261>) => Payload(BRAMs=0.00%, sliceLUTs=0.02%, DSPs=0.00%)
DEBUG: ResourceTray.measure(<instance TripleJET_i350>) => Payload(BRAMs=0.00%, sliceLUTs=0.05%, DSPs=0.00%)
DEBUG: ResourceTray.measure(<instance TripleJET_i353>) => Payload(BRAMs=0.00%, sliceLUTs=0.05%, DSPs=0.00%)
DEBUG: ResourceTray.measure(<instance TripleJET_i356>) => Payload(BRAMs=0.00%, sliceLUTs=0.05%, DSPs=0.00%)
DEBUG: ResourceTray.measure(<instance TripleMU_i63>) => Payload(BRAMs=0.00%, sliceLUTs=0.02%, DSPs=0.00%)
DEBUG: ResourceTray.measure(<instance TripleMU_i64>) => Payload(BRAMs=0.00%, sliceLUTs=0.02%, DSPs=0.00%)
DEBUG: ResourceTray.measure(<instance TripleMU_i65>) => Payload(BRAMs=0.00%, sliceLUTs=0.02%, DSPs=0.00%)
DEBUG: ResourceTray.measure(<instance TripleMU_i66>) => Payload(BRAMs=0.00%, sliceLUTs=0.02%, DSPs=0.00%)
DEBUG: ResourceTray.measure(<instance TripleMU_i67>) => Payload(BRAMs=0.00%, sliceLUTs=0.02%, DSPs=0.00%)
DEBUG: ResourceTray.measure(<instance TripleMU_i68>) => Payload(BRAMs=0.00%, sliceLUTs=0.02%, DSPs=0.00%)
DEBUG: ResourceTray.measure(<instance TripleMU_i70>) => Payload(BRAMs=0.00%, sliceLUTs=0.02%, DSPs=0.00%)
DEBUG: ResourceTray.measure(<instance TripleMU_i71>) => Payload(BRAMs=0.00%, sliceLUTs=0.02%, DSPs=0.00%)
DEBUG: ResourceTray.measure(<instance TripleMU_i72>) => Payload(BRAMs=0.00%, sliceLUTs=0.02%, DSPs=0.00%)
DEBUG: ResourceTray.measure(<instance TripleMU_i73>) => Payload(BRAMs=0.00%, sliceLUTs=0.02%, DSPs=0.00%)
DEBUG: ResourceTray.measure(<instance TripleMU_i74>) => Payload(BRAMs=0.00%, sliceLUTs=0.02%, DSPs=0.00%)
DEBUG: ResourceTray.measure(<instance TripleMU_i77>) => Payload(BRAMs=0.00%, sliceLUTs=0.02%, DSPs=0.00%)
DEBUG: ResourceTray.measure(<instance TripleMU_i78>) => Payload(BRAMs=0.00%, sliceLUTs=0.02%, DSPs=0.00%)
INFO: |---------------------------------------------------------------------------------------|
INFO: |                                                                                       |
INFO: | Algorithms sorted by payload (ascending)                                              |
INFO: |                                                                                       |
INFO: |---------------------------------------------------------------------------------------|
INFO: |-------|---------|-----------|---------|-----------------------------------------------|
INFO: | Index | BRAMs   | SliceLUTs | DSPs    | Name                                          |
INFO: |-------|---------|-----------|---------|-----------------------------------------------|
INFO: |   472 |  0.000% |    0.000% |  0.000% | L1_AlwaysTrue                                 |
INFO: |   498 |  0.000% |    0.000% |  0.000% | L1_BPTX_AND_Ref1_VME                          |
INFO: |   499 |  0.000% |    0.000% |  0.000% | L1_BPTX_AND_Ref3_VME                          |
INFO: |   500 |  0.000% |    0.000% |  0.000% | L1_BPTX_AND_Ref4_VME                          |
INFO: |   503 |  0.000% |    0.000% |  0.000% | L1_BPTX_BeamGas_B1_VME                        |
INFO: |   504 |  0.000% |    0.000% |  0.000% | L1_BPTX_BeamGas_B2_VME                        |
INFO: |   501 |  0.000% |    0.000% |  0.000% | L1_BPTX_BeamGas_Ref1_VME                      |
INFO: |   502 |  0.000% |    0.000% |  0.000% | L1_BPTX_BeamGas_Ref2_VME                      |
INFO: |   494 |  0.000% |    0.000% |  0.000% | L1_BPTX_NotOR_VME                             |
INFO: |   495 |  0.000% |    0.000% |  0.000% | L1_BPTX_OR_Ref3_VME                           |
INFO: |   496 |  0.000% |    0.000% |  0.000% | L1_BPTX_OR_Ref4_VME                           |
INFO: |   497 |  0.000% |    0.000% |  0.000% | L1_BPTX_RefAND_VME                            |
INFO: |   481 |  0.000% |    0.000% |  0.000% | L1_BptxMinus                                  |
INFO: |   478 |  0.000% |    0.000% |  0.000% | L1_BptxOR                                     |
INFO: |   480 |  0.000% |    0.000% |  0.000% | L1_BptxPlus                                   |
INFO: |   479 |  0.000% |    0.000% |  0.000% | L1_BptxXOR                                    |
INFO: |   490 |  0.000% |    0.000% |  0.000% | L1_FirstBunchAfterTrain                       |
INFO: |   485 |  0.000% |    0.000% |  0.000% | L1_FirstBunchBeforeTrain                      |
INFO: |   486 |  0.000% |    0.000% |  0.000% | L1_FirstBunchInTrain                          |
INFO: |   493 |  0.000% |    0.000% |  0.000% | L1_FirstCollisionInOrbit                      |
INFO: |   492 |  0.000% |    0.000% |  0.000% | L1_FirstCollisionInTrain                      |
INFO: |   506 |  0.000% |    0.000% |  0.000% | L1_HCAL_LaserMon_Trig                         |
INFO: |   507 |  0.000% |    0.000% |  0.000% | L1_HCAL_LaserMon_Veto                         |
INFO: |   484 |  0.000% |    0.000% |  0.000% | L1_IsolatedBunch                              |
INFO: |   489 |  0.000% |    0.000% |  0.000% | L1_LastBunchInTrain                           |
INFO: |   491 |  0.000% |    0.000% |  0.000% | L1_LastCollisionInTrain                       |
INFO: |   477 |  0.000% |    0.000% |  0.000% | L1_NotBptxOR                                  |
INFO: |   487 |  0.000% |    0.000% |  0.000% | L1_SecondBunchInTrain                         |
INFO: |   488 |  0.000% |    0.000% |  0.000% | L1_SecondLastBunchInTrain                     |
INFO: |   119 |  0.000% |    0.000% |  0.000% | L1_SingleMuShower_Nominal                     |
INFO: |   120 |  0.000% |    0.000% |  0.000% | L1_SingleMuShower_Tight                       |
INFO: |   508 |  0.000% |    0.000% |  0.000% | L1_TOTEM_1                                    |
INFO: |   509 |  0.000% |    0.000% |  0.000% | L1_TOTEM_2                                    |
INFO: |   510 |  0.000% |    0.000% |  0.000% | L1_TOTEM_3                                    |
INFO: |   511 |  0.000% |    0.000% |  0.000% | L1_TOTEM_4                                    |
INFO: |   121 |  0.000% |    0.000% |  0.000% | L1_TwoMuShower_Loose                          |
INFO: |   483 |  0.000% |    0.000% |  0.000% | L1_UnpairedBunchBptxMinus                     |
INFO: |   482 |  0.000% |    0.000% |  0.000% | L1_UnpairedBunchBptxPlus                      |
INFO: |   473 |  0.000% |    0.000% |  0.000% | L1_ZeroBias                                   |
INFO: |   474 |  0.000% |    0.000% |  0.000% | L1_ZeroBias_copy                              |
INFO: |   429 |  0.000% |    0.001% |  0.000% | L1_CICADA_Loose                               |
INFO: |   430 |  0.000% |    0.001% |  0.000% | L1_CICADA_Medium                              |
INFO: |   431 |  0.000% |    0.001% |  0.000% | L1_CICADA_Tight                               |
INFO: |   428 |  0.000% |    0.001% |  0.000% | L1_CICADA_VLoose                              |
INFO: |   432 |  0.000% |    0.001% |  0.000% | L1_CICADA_VTight                              |
INFO: |   433 |  0.000% |    0.001% |  0.000% | L1_CICADA_VVTight                             |
INFO: |   434 |  0.000% |    0.001% |  0.000% | L1_CICADA_VVVTight                            |
INFO: |   435 |  0.000% |    0.001% |  0.000% | L1_CICADA_VVVVTight                           |
INFO: |   398 |  0.000% |    0.001% |  0.000% | L1_ETM120                                     |
INFO: |   399 |  0.000% |    0.001% |  0.000% | L1_ETM150                                     |
INFO: |   403 |  0.000% |    0.001% |  0.000% | L1_ETMHF100                                   |
INFO: |   404 |  0.000% |    0.001% |  0.000% | L1_ETMHF110                                   |
INFO: |   405 |  0.000% |    0.001% |  0.000% | L1_ETMHF120                                   |
INFO: |   406 |  0.000% |    0.001% |  0.000% | L1_ETMHF130                                   |
INFO: |   407 |  0.000% |    0.001% |  0.000% | L1_ETMHF140                                   |
INFO: |   408 |  0.000% |    0.001% |  0.000% | L1_ETMHF150                                   |
INFO: |   400 |  0.000% |    0.001% |  0.000% | L1_ETMHF70                                    |
INFO: |   401 |  0.000% |    0.001% |  0.000% | L1_ETMHF80                                    |
INFO: |   402 |  0.000% |    0.001% |  0.000% | L1_ETMHF90                                    |
INFO: |   397 |  0.000% |    0.001% |  0.000% | L1_ETT2000                                    |
INFO: |   416 |  0.000% |    0.001% |  0.000% | L1_HTMHF100                                   |
INFO: |   417 |  0.000% |    0.001% |  0.000% | L1_HTMHF120                                   |
INFO: |   418 |  0.000% |    0.001% |  0.000% | L1_HTMHF125                                   |
INFO: |   419 |  0.000% |    0.001% |  0.000% | L1_HTMHF130                                   |
INFO: |   420 |  0.000% |    0.001% |  0.000% | L1_HTMHF150                                   |
INFO: |   388 |  0.000% |    0.001% |  0.000% | L1_HTT120er                                   |
INFO: |   389 |  0.000% |    0.001% |  0.000% | L1_HTT160er                                   |
INFO: |   390 |  0.000% |    0.001% |  0.000% | L1_HTT200er                                   |
INFO: |   391 |  0.000% |    0.001% |  0.000% | L1_HTT255er                                   |
INFO: |   392 |  0.000% |    0.001% |  0.000% | L1_HTT280er                                   |
INFO: |   393 |  0.000% |    0.001% |  0.000% | L1_HTT320er                                   |
INFO: |   394 |  0.000% |    0.001% |  0.000% | L1_HTT360er                                   |
INFO: |   395 |  0.000% |    0.001% |  0.000% | L1_HTT400er                                   |
INFO: |   396 |  0.000% |    0.001% |  0.000% | L1_HTT450er                                   |
INFO: |   412 |  0.000% |    0.002% |  0.000% | L1_ETMHF100_HTT60er                           |
INFO: |   413 |  0.000% |    0.002% |  0.000% | L1_ETMHF110_HTT60er                           |
INFO: |   414 |  0.000% |    0.002% |  0.000% | L1_ETMHF120_HTT60er                           |
INFO: |   415 |  0.000% |    0.002% |  0.000% | L1_ETMHF130_HTT60er                           |
INFO: |   409 |  0.000% |    0.002% |  0.000% | L1_ETMHF70_HTT60er                            |
INFO: |   410 |  0.000% |    0.002% |  0.000% | L1_ETMHF80_HTT60er                            |
INFO: |   411 |  0.000% |    0.002% |  0.000% | L1_ETMHF90_HTT60er                            |
INFO: |   476 |  0.000% |    0.002% |  0.000% | L1_MinimumBiasHF0                             |
INFO: |   475 |  0.000% |    0.002% |  0.000% | L1_MinimumBiasHF0_AND_BptxAND                 |
INFO: |   422 |  0.000% |    0.003% |  0.000% | L1_AXO_Loose                                  |
INFO: |   423 |  0.000% |    0.003% |  0.000% | L1_AXO_Medium                                 |
INFO: |   424 |  0.000% |    0.003% |  0.000% | L1_AXO_Tight                                  |
INFO: |   421 |  0.000% |    0.003% |  0.000% | L1_AXO_VLoose                                 |
INFO: |   425 |  0.000% |    0.003% |  0.000% | L1_AXO_VTight                                 |
INFO: |   426 |  0.000% |    0.003% |  0.000% | L1_AXO_VVTight                                |
INFO: |   427 |  0.000% |    0.003% |  0.000% | L1_AXO_VVVTight                               |
INFO: |     0 |  0.000% |    0.006% |  0.000% | L1_SingleMuCosmics                            |
INFO: |     8 |  0.000% |    0.007% |  0.000% | L1_SingleMu0_DQ                               |
INFO: |    37 |  0.000% |    0.007% |  0.000% | L1_SingleMu15_DQ                              |
INFO: |    38 |  0.000% |    0.007% |  0.000% | L1_SingleMu18                                 |
INFO: |    39 |  0.000% |    0.007% |  0.000% | L1_SingleMu20                                 |
INFO: |    42 |  0.000% |    0.007% |  0.000% | L1_SingleMu22                                 |
INFO: |    41 |  0.000% |    0.007% |  0.000% | L1_SingleMu22_DQ                              |
INFO: |    40 |  0.000% |    0.007% |  0.000% | L1_SingleMu22_OQ                              |
INFO: |    52 |  0.000% |    0.007% |  0.000% | L1_SingleMu25                                 |
INFO: |    19 |  0.000% |    0.007% |  0.000% | L1_SingleMu3                                  |
INFO: |    20 |  0.000% |    0.007% |  0.000% | L1_SingleMu5                                  |
INFO: |    22 |  0.000% |    0.007% |  0.000% | L1_SingleMu7                                  |
INFO: |    21 |  0.000% |    0.007% |  0.000% | L1_SingleMu7_DQ                               |
INFO: |     4 |  0.000% |    0.007% |  0.000% | L1_SingleMuOpen                               |
INFO: |   436 |  0.000% |    0.007% |  0.000% | L1_SingleMuOpen_NotBptxOR                     |
INFO: |   151 |  0.000% |    0.008% |  0.000% | L1_Mu12_HTT150er                              |
INFO: |   152 |  0.000% |    0.008% |  0.000% | L1_Mu14_HTT150er                              |
INFO: |   149 |  0.000% |    0.008% |  0.000% | L1_Mu6_HTT240er                               |
INFO: |   150 |  0.000% |    0.008% |  0.000% | L1_Mu6_HTT250er                               |
INFO: |   459 |  0.000% |    0.008% |  0.000% | L1_SingleEG5                                  |
INFO: |   190 |  0.000% |    0.008% |  0.000% | L1_SingleEG50                                 |
INFO: |   457 |  0.000% |    0.008% |  0.000% | L1_SingleEG5_BptxAND                          |
INFO: |   191 |  0.000% |    0.008% |  0.000% | L1_SingleEG60                                 |
INFO: |   460 |  0.000% |    0.008% |  0.000% | L1_SingleEG7                                  |
INFO: |   458 |  0.000% |    0.008% |  0.000% | L1_SingleEG7_BptxAND                          |
INFO: |   303 |  0.000% |    0.008% |  0.000% | L1_SingleJet120                               |
INFO: |   445 |  0.000% |    0.008% |  0.000% | L1_SingleJet12_BptxAND                        |
INFO: |   446 |  0.000% |    0.008% |  0.000% | L1_SingleJet16_BptxAND                        |
INFO: |   304 |  0.000% |    0.008% |  0.000% | L1_SingleJet180                               |
INFO: |   305 |  0.000% |    0.008% |  0.000% | L1_SingleJet200                               |
INFO: |   447 |  0.000% |    0.008% |  0.000% | L1_SingleJet20_BptxAND                        |
INFO: |   448 |  0.000% |    0.008% |  0.000% | L1_SingleJet24_BptxAND                        |
INFO: |   296 |  0.000% |    0.008% |  0.000% | L1_SingleJet35                                |
INFO: |   301 |  0.000% |    0.008% |  0.000% | L1_SingleJet60                                |
INFO: |   454 |  0.000% |    0.008% |  0.000% | L1_SingleJet8                                 |
INFO: |   444 |  0.000% |    0.008% |  0.000% | L1_SingleJet8_BptxAND                         |
INFO: |   302 |  0.000% |    0.008% |  0.000% | L1_SingleJet90                                |
INFO: |    15 |  0.000% |    0.011% |  0.000% | L1_SingleMu0_Upt10                            |
INFO: |     1 |  0.000% |    0.011% |  0.000% | L1_SingleMuCosmics_BMTF                       |
INFO: |   380 |  0.000% |    0.012% |  0.000% | L1_HTT120_SingleLLPJet40                      |
INFO: |   381 |  0.000% |    0.012% |  0.000% | L1_HTT160_SingleLLPJet50                      |
INFO: |   382 |  0.000% |    0.012% |  0.000% | L1_HTT200_SingleLLPJet60                      |
INFO: |   383 |  0.000% |    0.012% |  0.000% | L1_HTT240_SingleLLPJet70                      |
INFO: |     9 |  0.000% |    0.013% |  0.000% | L1_SingleMu0_BMTF                             |
INFO: |    12 |  0.000% |    0.013% |  0.000% | L1_SingleMu0_SQ13_BMTF                        |
INFO: |    13 |  0.000% |    0.013% |  0.000% | L1_SingleMu0_SQ14_BMTF                        |
INFO: |    14 |  0.000% |    0.013% |  0.000% | L1_SingleMu0_SQ15_BMTF                        |
INFO: |    30 |  0.000% |    0.013% |  0.000% | L1_SingleMu10_SQ14_BMTF                       |
INFO: |    31 |  0.000% |    0.013% |  0.000% | L1_SingleMu11_SQ14_BMTF                       |
INFO: |    34 |  0.000% |    0.013% |  0.000% | L1_SingleMu12_DQ_BMTF                         |
INFO: |    32 |  0.000% |    0.013% |  0.000% | L1_SingleMu13_SQ14_BMTF                       |
INFO: |    43 |  0.000% |    0.013% |  0.000% | L1_SingleMu22_BMTF                            |
INFO: |    47 |  0.000% |    0.013% |  0.000% | L1_SingleMu22_BMTF_NEG                        |
INFO: |    46 |  0.000% |    0.013% |  0.000% | L1_SingleMu22_BMTF_POS                        |
INFO: |    51 |  0.000% |    0.013% |  0.000% | L1_SingleMu22_EMTF_NEG                        |
INFO: |    50 |  0.000% |    0.013% |  0.000% | L1_SingleMu22_EMTF_POS                        |
INFO: |    49 |  0.000% |    0.013% |  0.000% | L1_SingleMu22_OMTF_NEG                        |
INFO: |    48 |  0.000% |    0.013% |  0.000% | L1_SingleMu22_OMTF_POS                        |
INFO: |    24 |  0.000% |    0.013% |  0.000% | L1_SingleMu5_BMTF                             |
INFO: |    25 |  0.000% |    0.013% |  0.000% | L1_SingleMu5_SQ14_BMTF                        |
INFO: |    26 |  0.000% |    0.013% |  0.000% | L1_SingleMu6_SQ14_BMTF                        |
INFO: |    27 |  0.000% |    0.013% |  0.000% | L1_SingleMu7_SQ14_BMTF                        |
INFO: |    28 |  0.000% |    0.013% |  0.000% | L1_SingleMu8_SQ14_BMTF                        |
INFO: |    29 |  0.000% |    0.013% |  0.000% | L1_SingleMu9_SQ14_BMTF                        |
INFO: |     5 |  0.000% |    0.013% |  0.000% | L1_SingleMuOpen_BMTF                          |
INFO: |   438 |  0.000% |    0.013% |  0.000% | L1_SingleMuOpen_er1p1_NotBptxOR_3BX           |
INFO: |   437 |  0.000% |    0.013% |  0.000% | L1_SingleMuOpen_er1p4_NotBptxOR_3BX           |
INFO: |    57 |  0.000% |    0.015% |  0.000% | L1_DoubleMu0                                  |
INFO: |    56 |  0.000% |    0.015% |  0.000% | L1_DoubleMu0_OQ                               |
INFO: |    58 |  0.000% |    0.015% |  0.000% | L1_DoubleMu0_SQ                               |
INFO: |    61 |  0.000% |    0.015% |  0.000% | L1_DoubleMu8_SQ                               |
INFO: |    62 |  0.000% |    0.015% |  0.000% | L1_DoubleMu9_SQ                               |
INFO: |    63 |  0.000% |    0.015% |  0.000% | L1_DoubleMu_12_5                              |
INFO: |    64 |  0.000% |    0.015% |  0.000% | L1_DoubleMu_15_5_SQ                           |
INFO: |    65 |  0.000% |    0.015% |  0.000% | L1_DoubleMu_15_7                              |
INFO: |    66 |  0.000% |    0.015% |  0.000% | L1_DoubleMu_15_7_SQ                           |
INFO: |    59 |  0.000% |    0.015% |  0.000% | L1_DoubleMu0_SQ_OS                            |
INFO: |    89 |  0.000% |    0.015% |  0.000% | L1_DoubleMu4_SQ_OS                            |
INFO: |    92 |  0.000% |    0.015% |  0.000% | L1_DoubleMu4p5_SQ_OS                          |
INFO: |   164 |  0.000% |    0.016% |  0.000% | L1_DoubleMu3_SQ_HTT220er                      |
INFO: |   469 |  0.000% |    0.017% |  0.000% | L1_DoubleEG2                                  |
INFO: |   463 |  0.000% |    0.017% |  0.000% | L1_DoubleEG2_BptxAND                          |
INFO: |   465 |  0.000% |    0.017% |  0.000% | L1_DoubleEG3_BptxAND                          |
INFO: |   467 |  0.000% |    0.017% |  0.000% | L1_DoubleEG4_BptxAND                          |
INFO: |   156 |  0.000% |    0.017% |  0.000% | L1_DoubleMu3_SQ_ETMHF30_HTT60er               |
INFO: |   157 |  0.000% |    0.017% |  0.000% | L1_DoubleMu3_SQ_ETMHF40_HTT60er               |
INFO: |   158 |  0.000% |    0.017% |  0.000% | L1_DoubleMu3_SQ_ETMHF50_HTT60er               |
INFO: |   174 |  0.000% |    0.017% |  0.000% | L1_SingleEG10er2p5                            |
INFO: |   175 |  0.000% |    0.017% |  0.000% | L1_SingleEG15er2p5                            |
INFO: |   176 |  0.000% |    0.017% |  0.000% | L1_SingleEG26er2p5                            |
INFO: |   177 |  0.000% |    0.017% |  0.000% | L1_SingleEG28er1p3                            |
INFO: |   183 |  0.000% |    0.017% |  0.000% | L1_SingleEG28er1p5                            |
INFO: |   182 |  0.000% |    0.017% |  0.000% | L1_SingleEG28er2p1                            |
INFO: |   181 |  0.000% |    0.017% |  0.000% | L1_SingleEG28er2p5                            |
INFO: |   184 |  0.000% |    0.017% |  0.000% | L1_SingleEG34er2p5                            |
INFO: |   185 |  0.000% |    0.017% |  0.000% | L1_SingleEG36er2p5                            |
INFO: |   186 |  0.000% |    0.017% |  0.000% | L1_SingleEG38er2p5                            |
INFO: |   187 |  0.000% |    0.017% |  0.000% | L1_SingleEG40er2p5                            |
INFO: |   188 |  0.000% |    0.017% |  0.000% | L1_SingleEG42er2p5                            |
INFO: |   189 |  0.000% |    0.017% |  0.000% | L1_SingleEG45er2p5                            |
INFO: |   461 |  0.000% |    0.017% |  0.000% | L1_SingleEG5er1p52                            |
INFO: |   462 |  0.000% |    0.017% |  0.000% | L1_SingleEG7er1p52                            |
INFO: |   173 |  0.000% |    0.017% |  0.000% | L1_SingleEG8er2p5                             |
INFO: |   308 |  0.000% |    0.017% |  0.000% | L1_SingleJet120er1p3                          |
INFO: |   309 |  0.000% |    0.017% |  0.000% | L1_SingleJet120er2p5                          |
INFO: |   450 |  0.000% |    0.017% |  0.000% | L1_SingleJet12er1p3_BptxAND                   |
INFO: |   310 |  0.000% |    0.017% |  0.000% | L1_SingleJet140er2p5                          |
INFO: |   311 |  0.000% |    0.017% |  0.000% | L1_SingleJet160er2p5                          |
INFO: |   451 |  0.000% |    0.017% |  0.000% | L1_SingleJet16er1p3_BptxAND                   |
INFO: |   312 |  0.000% |    0.017% |  0.000% | L1_SingleJet180er2p5                          |
INFO: |   452 |  0.000% |    0.017% |  0.000% | L1_SingleJet20er1p3_BptxAND                   |
INFO: |   439 |  0.000% |    0.017% |  0.000% | L1_SingleJet20er2p5_NotBptxOR                 |
INFO: |   440 |  0.000% |    0.017% |  0.000% | L1_SingleJet20er2p5_NotBptxOR_3BX             |
INFO: |   453 |  0.000% |    0.017% |  0.000% | L1_SingleJet24er1p3_BptxAND                   |
INFO: |   306 |  0.000% |    0.017% |  0.000% | L1_SingleJet35er1p3                           |
INFO: |   307 |  0.000% |    0.017% |  0.000% | L1_SingleJet35er2p5                           |
INFO: |   441 |  0.000% |    0.017% |  0.000% | L1_SingleJet43er2p5_NotBptxOR_3BX             |
INFO: |   442 |  0.000% |    0.017% |  0.000% | L1_SingleJet46er2p5_NotBptxOR_3BX             |
INFO: |   297 |  0.000% |    0.017% |  0.000% | L1_SingleJet60er1p3                           |
INFO: |   455 |  0.000% |    0.017% |  0.000% | L1_SingleJet8er1p3                            |
INFO: |   449 |  0.000% |    0.017% |  0.000% | L1_SingleJet8er1p3_BptxAND                    |
INFO: |   456 |  0.000% |    0.017% |  0.000% | L1_SingleJet8er2p13                           |
INFO: |    16 |  0.000% |    0.017% |  0.000% | L1_SingleMu0_Upt10_BMTF                       |
INFO: |    53 |  0.000% |    0.017% |  0.000% | L1_SingleMu0_Upt15_SQ14_BMTF                  |
INFO: |    54 |  0.000% |    0.017% |  0.000% | L1_SingleMu0_Upt20_SQ14_BMTF                  |
INFO: |     3 |  0.000% |    0.017% |  0.000% | L1_SingleMuCosmics_EMTF                       |
INFO: |     2 |  0.000% |    0.017% |  0.000% | L1_SingleMuCosmics_OMTF                       |
INFO: |   263 |  0.000% |    0.017% |  0.000% | L1_SingleTau120er2p1                          |
INFO: |   264 |  0.000% |    0.017% |  0.000% | L1_SingleTau130er2p1                          |
INFO: |   328 |  0.000% |    0.018% |  0.000% | L1_ETMHF80_SingleJet55er2p5_dPhi_Min2p1       |
INFO: |   329 |  0.000% |    0.018% |  0.000% | L1_ETMHF80_SingleJet55er2p5_dPhi_Min2p6       |
INFO: |   330 |  0.000% |    0.018% |  0.000% | L1_ETMHF90_SingleJet60er2p5_dPhi_Min2p1       |
INFO: |   331 |  0.000% |    0.018% |  0.000% | L1_ETMHF90_SingleJet60er2p5_dPhi_Min2p6       |
INFO: |    11 |  0.000% |    0.018% |  0.000% | L1_SingleMu0_EMTF                             |
INFO: |    10 |  0.000% |    0.018% |  0.000% | L1_SingleMu0_OMTF                             |
INFO: |    36 |  0.000% |    0.018% |  0.000% | L1_SingleMu12_DQ_EMTF                         |
INFO: |    35 |  0.000% |    0.018% |  0.000% | L1_SingleMu12_DQ_OMTF                         |
INFO: |    45 |  0.000% |    0.018% |  0.000% | L1_SingleMu22_EMTF                            |
INFO: |    44 |  0.000% |    0.018% |  0.000% | L1_SingleMu22_OMTF                            |
INFO: |     7 |  0.000% |    0.018% |  0.000% | L1_SingleMuOpen_EMTF                          |
INFO: |     6 |  0.000% |    0.018% |  0.000% | L1_SingleMuOpen_OMTF                          |
INFO: |   203 |  0.000% |    0.019% |  0.000% | L1_SingleIsoEG24er2p1                         |
INFO: |   205 |  0.000% |    0.019% |  0.000% | L1_SingleIsoEG26er2p1                         |
INFO: |   204 |  0.000% |    0.019% |  0.000% | L1_SingleIsoEG26er2p5                         |
INFO: |   206 |  0.000% |    0.019% |  0.000% | L1_SingleIsoEG28er1p3                         |
INFO: |   212 |  0.000% |    0.019% |  0.000% | L1_SingleIsoEG28er1p5                         |
INFO: |   211 |  0.000% |    0.019% |  0.000% | L1_SingleIsoEG28er2p1                         |
INFO: |   210 |  0.000% |    0.019% |  0.000% | L1_SingleIsoEG28er2p5                         |
INFO: |   214 |  0.000% |    0.019% |  0.000% | L1_SingleIsoEG30er2p1                         |
INFO: |   213 |  0.000% |    0.019% |  0.000% | L1_SingleIsoEG30er2p5                         |
INFO: |   216 |  0.000% |    0.019% |  0.000% | L1_SingleIsoEG32er2p1                         |
INFO: |   215 |  0.000% |    0.019% |  0.000% | L1_SingleIsoEG32er2p5                         |
INFO: |   217 |  0.000% |    0.019% |  0.000% | L1_SingleIsoEG34er2p5                         |
INFO: |   193 |  0.000% |    0.019% |  0.000% | L1_SingleLooseIsoEG26er1p5                    |
INFO: |   192 |  0.000% |    0.019% |  0.000% | L1_SingleLooseIsoEG26er2p5                    |
INFO: |   194 |  0.000% |    0.019% |  0.000% | L1_SingleLooseIsoEG28er1p3                    |
INFO: |   200 |  0.000% |    0.019% |  0.000% | L1_SingleLooseIsoEG28er1p5                    |
INFO: |   199 |  0.000% |    0.019% |  0.000% | L1_SingleLooseIsoEG28er2p1                    |
INFO: |   198 |  0.000% |    0.019% |  0.000% | L1_SingleLooseIsoEG28er2p5                    |
INFO: |   202 |  0.000% |    0.019% |  0.000% | L1_SingleLooseIsoEG30er1p5                    |
INFO: |   201 |  0.000% |    0.019% |  0.000% | L1_SingleLooseIsoEG30er2p5                    |
INFO: |   241 |  0.000% |    0.020% |  0.000% | L1_LooseIsoEG14er2p5_HTT200er                 |
INFO: |   242 |  0.000% |    0.020% |  0.000% | L1_LooseIsoEG16er2p5_HTT200er                 |
INFO: |   379 |  0.000% |    0.022% |  0.000% | L1_DoubleLLPJet40                             |
INFO: |    18 |  0.000% |    0.022% |  0.000% | L1_SingleMu0_Upt10_EMTF                       |
INFO: |    17 |  0.000% |    0.022% |  0.000% | L1_SingleMu0_Upt10_OMTF                       |
INFO: |    99 |  0.000% |    0.022% |  0.000% | L1_TripleMu0                                  |
INFO: |    98 |  0.000% |    0.022% |  0.000% | L1_TripleMu0_OQ                               |
INFO: |   100 |  0.000% |    0.022% |  0.000% | L1_TripleMu0_SQ                               |
INFO: |   101 |  0.000% |    0.022% |  0.000% | L1_TripleMu3                                  |
INFO: |   102 |  0.000% |    0.022% |  0.000% | L1_TripleMu3_SQ                               |
INFO: |   103 |  0.000% |    0.022% |  0.000% | L1_TripleMu_3SQ_2p5SQ_0                       |
INFO: |   105 |  0.000% |    0.022% |  0.000% | L1_TripleMu_5SQ_3SQ_0OQ                       |
INFO: |   107 |  0.000% |    0.022% |  0.000% | L1_TripleMu_5_3_3                             |
INFO: |   108 |  0.000% |    0.022% |  0.000% | L1_TripleMu_5_3_3_SQ                          |
INFO: |   106 |  0.000% |    0.022% |  0.000% | L1_TripleMu_5_3p5_2p5                         |
INFO: |   109 |  0.000% |    0.022% |  0.000% | L1_TripleMu_5_5_3                             |
INFO: |   125 |  0.000% |    0.024% |  0.000% | L1_Mu20_EG10er2p5                             |
INFO: |   137 |  0.000% |    0.024% |  0.000% | L1_Mu3_Jet30er2p5                             |
INFO: |   122 |  0.000% |    0.024% |  0.000% | L1_Mu5_EG23er2p5                              |
INFO: |   123 |  0.000% |    0.024% |  0.000% | L1_Mu7_EG20er2p5                              |
INFO: |   124 |  0.000% |    0.024% |  0.000% | L1_Mu7_EG23er2p5                              |
INFO: |   179 |  0.000% |    0.025% |  0.000% | L1_SingleEG28er2p5to3p0                       |
INFO: |   320 |  0.000% |    0.025% |  0.000% | L1_SingleJet10erHE                            |
INFO: |   321 |  0.000% |    0.025% |  0.000% | L1_SingleJet12erHE                            |
INFO: |   300 |  0.000% |    0.025% |  0.000% | L1_SingleJet60er3p0to5p0                      |
INFO: |   319 |  0.000% |    0.025% |  0.000% | L1_SingleJet8erHE                             |
INFO: |    79 |  0.000% |    0.026% |  0.000% | L1_DoubleMu0er1p5_SQ                          |
INFO: |    68 |  0.000% |    0.026% |  0.000% | L1_DoubleMu18er2p1_SQ                         |
INFO: |    80 |  0.000% |    0.026% |  0.000% | L1_DoubleMu0er1p5_SQ_OS                       |
INFO: |    94 |  0.000% |    0.026% |  0.000% | L1_DoubleMu4p5er2p0_SQ_OS                     |
INFO: |   126 |  0.000% |    0.027% |  0.000% | L1_Mu5_LooseIsoEG20er2p5                      |
INFO: |   127 |  0.000% |    0.027% |  0.000% | L1_Mu7_LooseIsoEG20er2p5                      |
INFO: |   128 |  0.000% |    0.027% |  0.000% | L1_Mu7_LooseIsoEG23er2p5                      |
INFO: |   208 |  0.000% |    0.028% |  0.000% | L1_SingleIsoEG28er2p5to3p0                    |
INFO: |   196 |  0.000% |    0.028% |  0.000% | L1_SingleLooseIsoEG28er2p5to3p0               |
INFO: |   279 |  0.000% |    0.030% |  0.000% | L1_Mu18er2p1_Tau24er2p1                       |
INFO: |   280 |  0.000% |    0.030% |  0.000% | L1_Mu18er2p1_Tau26er2p1                       |
INFO: |   291 |  0.000% |    0.030% |  0.000% | L1_Mu22er2p1_Tau70er2p1                       |
INFO: |   117 |  0.000% |    0.030% |  0.000% | L1_QuadMu0                                    |
INFO: |   116 |  0.000% |    0.030% |  0.000% | L1_QuadMu0_OQ                                 |
INFO: |   118 |  0.000% |    0.030% |  0.000% | L1_QuadMu0_SQ                                 |
INFO: |   146 |  0.000% |    0.030% |  0.000% | L1_Mu3er1p5_Jet100er2p5_ETMHF30               |
INFO: |   147 |  0.000% |    0.030% |  0.000% | L1_Mu3er1p5_Jet100er2p5_ETMHF40               |
INFO: |   148 |  0.000% |    0.030% |  0.000% | L1_Mu3er1p5_Jet100er2p5_ETMHF50               |
INFO: |   133 |  0.000% |    0.031% |  0.000% | L1_DoubleMu4_SQ_EG9er2p5                      |
INFO: |   134 |  0.000% |    0.031% |  0.000% | L1_DoubleMu5_SQ_EG9er2p5                      |
INFO: |   162 |  0.000% |    0.032% |  0.000% | L1_DoubleMu3_SQ_ETMHF50_Jet60er2p5            |
INFO: |   163 |  0.000% |    0.032% |  0.000% | L1_DoubleMu3_SQ_ETMHF60_Jet60er2p5            |
INFO: |   286 |  0.000% |    0.032% |  0.000% | L1_Mu22er2p1_IsoTau30er2p1                    |
INFO: |   287 |  0.000% |    0.032% |  0.000% | L1_Mu22er2p1_IsoTau32er2p1                    |
INFO: |   288 |  0.000% |    0.032% |  0.000% | L1_Mu22er2p1_IsoTau34er2p1                    |
INFO: |   290 |  0.000% |    0.032% |  0.000% | L1_Mu22er2p1_IsoTau40er2p1                    |
INFO: |   470 |  0.000% |    0.033% |  0.000% | L1_DoubleEG2er2p13                            |
INFO: |   464 |  0.000% |    0.033% |  0.000% | L1_DoubleEG2er2p13_BptxAND                    |
INFO: |   466 |  0.000% |    0.033% |  0.000% | L1_DoubleEG3er2p13_BptxAND                    |
INFO: |   468 |  0.000% |    0.033% |  0.000% | L1_DoubleEG4er2p13_BptxAND                    |
INFO: |   226 |  0.000% |    0.033% |  0.000% | L1_DoubleEG_15_10_er2p5                       |
INFO: |   227 |  0.000% |    0.033% |  0.000% | L1_DoubleEG_20_10_er2p5                       |
INFO: |   228 |  0.000% |    0.033% |  0.000% | L1_DoubleEG_22_10_er2p5                       |
INFO: |   229 |  0.000% |    0.033% |  0.000% | L1_DoubleEG_25_12_er2p5                       |
INFO: |   230 |  0.000% |    0.033% |  0.000% | L1_DoubleEG_25_14_er2p5                       |
INFO: |   231 |  0.000% |    0.033% |  0.000% | L1_DoubleEG_27_14_er2p5                       |
INFO: |   337 |  0.000% |    0.033% |  0.000% | L1_DoubleJet100er2p5                          |
INFO: |   338 |  0.000% |    0.033% |  0.000% | L1_DoubleJet120er2p5                          |
INFO: |   339 |  0.000% |    0.033% |  0.000% | L1_DoubleJet150er2p5                          |
INFO: |   336 |  0.000% |    0.033% |  0.000% | L1_DoubleJet40er2p5                           |
INFO: |    74 |  0.000% |    0.033% |  0.000% | L1_DoubleMu0_Upt15_Upt7                       |
INFO: |    69 |  0.000% |    0.033% |  0.000% | L1_DoubleMu0_Upt5_Upt5                        |
INFO: |    70 |  0.000% |    0.033% |  0.000% | L1_DoubleMu0_Upt6_SQ_er2p0                    |
INFO: |    71 |  0.000% |    0.033% |  0.000% | L1_DoubleMu0_Upt7_SQ_er2p0                    |
INFO: |    72 |  0.000% |    0.033% |  0.000% | L1_DoubleMu0_Upt8_SQ_er2p0                    |
INFO: |   266 |  0.000% |    0.033% |  0.000% | L1_DoubleTau70er2p1                           |
INFO: |   180 |  0.000% |    0.033% |  0.000% | L1_SingleEG28_FWD2p5                          |
INFO: |   178 |  0.000% |    0.033% |  0.000% | L1_SingleEG28er1p3to2p5                       |
INFO: |   316 |  0.000% |    0.033% |  0.000% | L1_SingleJet120_FWD2p5                        |
INFO: |   318 |  0.000% |    0.033% |  0.000% | L1_SingleJet120_FWD3p0                        |
INFO: |   313 |  0.000% |    0.033% |  0.000% | L1_SingleJet35_FWD2p5                         |
INFO: |   317 |  0.000% |    0.033% |  0.000% | L1_SingleJet35_FWD3p0                         |
INFO: |   314 |  0.000% |    0.033% |  0.000% | L1_SingleJet60_FWD2p5                         |
INFO: |   298 |  0.000% |    0.033% |  0.000% | L1_SingleJet60er1p3to2p5                      |
INFO: |   299 |  0.000% |    0.033% |  0.000% | L1_SingleJet60er2p5to3p0                      |
INFO: |   315 |  0.000% |    0.033% |  0.000% | L1_SingleJet90_FWD2p5                         |
INFO: |   248 |  0.000% |    0.034% |  0.000% | L1_DoubleEG8er2p5_HTT280er                    |
INFO: |   249 |  0.000% |    0.034% |  0.000% | L1_DoubleEG8er2p5_HTT300er                    |
INFO: |   250 |  0.000% |    0.034% |  0.000% | L1_DoubleEG8er2p5_HTT320er                    |
INFO: |    73 |  0.000% |    0.035% |  0.000% | L1_DoubleMu0_Upt6_IP_Min1_Upt4                |
INFO: |   232 |  0.000% |    0.036% |  0.000% | L1_DoubleEG_LooseIso22_12_er2p5               |
INFO: |   233 |  0.000% |    0.036% |  0.000% | L1_DoubleEG_LooseIso25_12_er2p5               |
INFO: |   281 |  0.000% |    0.038% |  0.000% | L1_Mu18er2p1_Tau26er2p1_Jet55                 |
INFO: |   282 |  0.000% |    0.038% |  0.000% | L1_Mu18er2p1_Tau26er2p1_Jet70                 |
INFO: |   234 |  0.000% |    0.039% |  0.000% | L1_DoubleEG_LooseIso16_LooseIso12_er1p5       |
INFO: |   235 |  0.000% |    0.039% |  0.000% | L1_DoubleEG_LooseIso18_LooseIso12_er1p5       |
INFO: |   236 |  0.000% |    0.039% |  0.000% | L1_DoubleEG_LooseIso20_LooseIso12_er1p5       |
INFO: |   237 |  0.000% |    0.039% |  0.000% | L1_DoubleEG_LooseIso22_LooseIso12_er1p5       |
INFO: |   238 |  0.000% |    0.039% |  0.000% | L1_DoubleEG_LooseIso25_LooseIso12_er1p5       |
INFO: |   267 |  0.000% |    0.039% |  0.000% | L1_DoubleIsoTau28er2p1                        |
INFO: |   268 |  0.000% |    0.039% |  0.000% | L1_DoubleIsoTau30er2p1                        |
INFO: |   269 |  0.000% |    0.039% |  0.000% | L1_DoubleIsoTau32er2p1                        |
INFO: |   270 |  0.000% |    0.039% |  0.000% | L1_DoubleIsoTau34er2p1                        |
INFO: |   271 |  0.000% |    0.039% |  0.000% | L1_DoubleIsoTau35er2p1                        |
INFO: |   272 |  0.000% |    0.039% |  0.000% | L1_DoubleIsoTau36er2p1                        |
INFO: |   239 |  0.000% |    0.039% |  0.000% | L1_DoubleLooseIsoEG22er2p1                    |
INFO: |   240 |  0.000% |    0.039% |  0.000% | L1_DoubleLooseIsoEG24er2p1                    |
INFO: |   209 |  0.000% |    0.039% |  0.000% | L1_SingleIsoEG28_FWD2p5                       |
INFO: |   207 |  0.000% |    0.039% |  0.000% | L1_SingleIsoEG28er1p3to2p5                    |
INFO: |   197 |  0.000% |    0.039% |  0.000% | L1_SingleLooseIsoEG28_FWD2p5                  |
INFO: |   195 |  0.000% |    0.039% |  0.000% | L1_SingleLooseIsoEG28er1p3to2p5               |
INFO: |   129 |  0.000% |    0.041% |  0.000% | L1_Mu6_DoubleEG10er2p5                        |
INFO: |   130 |  0.000% |    0.041% |  0.000% | L1_Mu6_DoubleEG12er2p5                        |
INFO: |   131 |  0.000% |    0.041% |  0.000% | L1_Mu6_DoubleEG15er2p5                        |
INFO: |   132 |  0.000% |    0.041% |  0.000% | L1_Mu6_DoubleEG17er2p5                        |
INFO: |    86 |  0.000% |    0.058% |  0.000% | L1_DoubleMu0er1p4_OQ_OS_dEta_Max1p6           |
INFO: |    85 |  0.000% |    0.058% |  0.000% | L1_DoubleMu0er1p4_SQ_OS_dEta_Max1p2           |
INFO: |    83 |  0.000% |    0.058% |  0.000% | L1_DoubleMu0er1p5_SQ_OS_dEta_Max1p2           |
INFO: |    78 |  0.000% |    0.058% |  0.000% | L1_DoubleMu0er2p0_SQ_OS_dEta_Max1p5           |
INFO: |    76 |  0.000% |    0.058% |  0.000% | L1_DoubleMu0er2p0_SQ_dEta_Max1p5              |
INFO: |    75 |  0.000% |    0.058% |  0.000% | L1_DoubleMu0er2p0_SQ_dEta_Max1p6              |
INFO: |   375 |  0.000% |    0.058% |  0.000% | L1_TripleJet_100_80_70_DoubleJet_80_70...     |
INFO: |   376 |  0.000% |    0.058% |  0.000% | L1_TripleJet_105_85_75_DoubleJet_85_75...     |
INFO: |   374 |  0.000% |    0.058% |  0.000% | L1_TripleJet_95_75_65_DoubleJet_75_65_...     |
INFO: |   159 |  0.000% |    0.066% |  0.000% | L1_DoubleMu3_SQ_ETMHF30_Jet60er2p5_OR_...     |
INFO: |   160 |  0.000% |    0.066% |  0.000% | L1_DoubleMu3_SQ_ETMHF40_Jet60er2p5_OR_...     |
INFO: |   161 |  0.000% |    0.066% |  0.000% | L1_DoubleMu3_SQ_ETMHF50_Jet60er2p5_OR_...     |
INFO: |    87 |  0.000% |    0.090% |  0.000% | L1_DoubleMu0er2p0_SQ_OS_dEta_Max0p3_dP...     |
INFO: |   223 |  0.000% |    0.094% |  0.000% | L1_DoubleEG15_er1p5_dEta_Max1p5               |
INFO: |   224 |  0.000% |    0.094% |  0.000% | L1_DoubleEG16_er1p5_dEta_Max1p5               |
INFO: |   225 |  0.000% |    0.094% |  0.000% | L1_DoubleEG17_er1p5_dEta_Max1p5               |
INFO: |   340 |  0.000% |    0.094% |  0.000% | L1_DoubleJet100er2p3_dEta_Max1p6              |
INFO: |   341 |  0.000% |    0.094% |  0.000% | L1_DoubleJet112er2p3_dEta_Max1p6              |
INFO: |   505 |  0.000% |    0.111% |  0.000% | L1_CDC_SingleMu_3_er1p2_TOP120_DPHI2p6...     |
INFO: |   218 |  0.000% |    0.172% |  0.000% | L1_IsoEG32er2p5_Mt40                          |
INFO: |    90 |  0.000% |    0.202% |  0.000% | L1_DoubleMu4_SQ_OS_dR_Max1p2                  |
INFO: |    93 |  0.000% |    0.202% |  0.000% | L1_DoubleMu4p5_SQ_OS_dR_Max1p2                |
INFO: |    97 |  0.000% |    0.202% |  0.000% | L1_DoubleMu5_SQ_OS_dR_Max1p6                  |
INFO: |   104 |  0.000% |    0.210% |  3.111% | L1_TripleMu_3SQ_2p5SQ_0_Mass_Max12            |
INFO: |   110 |  0.000% |    0.210% |  3.111% | L1_TripleMu_3SQ_2p5SQ_0_OS_Mass_Max12         |
INFO: |   111 |  0.000% |    0.210% |  3.111% | L1_TripleMu_4SQ_2p5SQ_0_OS_Mass_Max12         |
INFO: |    84 |  0.000% |    0.213% |  0.000% | L1_DoubleMu0er1p4_SQ_OS_dR_Max1p4             |
INFO: |    82 |  0.000% |    0.213% |  0.000% | L1_DoubleMu0er1p5_SQ_OS_dR_Max1p4             |
INFO: |    81 |  0.000% |    0.213% |  0.000% | L1_DoubleMu0er1p5_SQ_dR_Max1p4                |
INFO: |    88 |  0.000% |    0.213% |  0.000% | L1_DoubleMu3er2p0_SQ_OS_dR_Max1p6             |
INFO: |    91 |  0.000% |    0.213% |  0.000% | L1_DoubleMu4er2p0_SQ_OS_dR_Max1p6             |
INFO: |    60 |  0.000% |    0.315% |  0.000% | L1_DoubleMu0_Mass_Min1                        |
INFO: |    67 |  0.000% |    0.315% |  0.000% | L1_DoubleMu_15_7_Mass_Min1                    |
INFO: |    96 |  0.000% |    0.330% |  0.000% | L1_DoubleMu4p5er2p0_SQ_OS_Mass_7to18          |
INFO: |    95 |  0.000% |    0.330% |  0.000% | L1_DoubleMu4p5er2p0_SQ_OS_Mass_Min7           |
INFO: |   114 |  0.000% |    0.341% |  0.000% | L1_TripleMu_5SQ_3SQ_0OQ_DoubleMu_5_3_S...     |
INFO: |   115 |  0.000% |    0.341% |  0.000% | L1_TripleMu_5SQ_3SQ_0_DoubleMu_5_3_SQ_...     |
INFO: |   112 |  0.000% |    0.341% |  0.000% | L1_TripleMu_5_3p5_2p5_DoubleMu_5_2p5_O...     |
INFO: |   113 |  0.000% |    0.341% |  0.000% | L1_TripleMu_5_4_2p5_DoubleMu_5_2p5_OS_...     |
INFO: |   277 |  0.000% |    0.407% |  0.000% | L1_DoubleTau_Iso34_Iso23_er2p1_Jet55_R...     |
INFO: |   278 |  0.000% |    0.407% |  0.000% | L1_DoubleTau_Iso34_Iso23_er2p1_Jet70_R...     |
INFO: |   273 |  0.000% |    0.407% |  0.000% | L1_DoubleTau_Iso34_Iso26_er2p1_Jet55_R...     |
INFO: |   276 |  0.000% |    0.407% |  0.000% | L1_DoubleTau_Iso34_Iso26_er2p1_Jet70_R...     |
INFO: |   274 |  0.000% |    0.407% |  0.000% | L1_DoubleTau_Iso38_Iso26_er2p1_Jet55_R...     |
INFO: |   275 |  0.000% |    0.407% |  0.000% | L1_DoubleTau_Iso40_Iso26_er2p1_Jet55_R...     |
INFO: |   378 |  0.000% |    0.452% |  0.000% | L1_QuadJet60er2p5                             |
INFO: |   384 |  0.000% |    0.453% |  0.000% | L1_HTT280er_QuadJet_70_55_40_35_er2p5         |
INFO: |   385 |  0.000% |    0.453% |  0.000% | L1_HTT320er_QuadJet_70_55_40_40_er2p5         |
INFO: |   386 |  0.000% |    0.453% |  0.000% | L1_HTT320er_QuadJet_80_60_er2p1_45_40_...     |
INFO: |   387 |  0.000% |    0.453% |  0.000% | L1_HTT320er_QuadJet_80_60_er2p1_50_45_...     |
INFO: |   292 |  0.000% |    0.472% |  0.000% | L1_IsoTau52er2p1_QuadJet36er2p5               |
INFO: |   220 |  0.000% |    0.475% |  0.000% | L1_DoubleEG15_11_er1p2_dR_Max0p6              |
INFO: |   221 |  0.000% |    0.475% |  0.000% | L1_DoubleEG16_11_er1p2_dR_Max0p6              |
INFO: |   222 |  0.000% |    0.475% |  0.000% | L1_DoubleEG17_11_er1p2_dR_Max0p6              |
INFO: |   377 |  0.000% |    0.486% |  0.000% | L1_QuadJet_95_75_65_20_DoubleJet_75_65...     |
INFO: |   145 |  0.000% |    0.667% |  0.000% | L1_Mu3_Jet120er2p5_dR_Max0p4                  |
INFO: |   138 |  0.000% |    0.667% |  0.000% | L1_Mu3_Jet16er2p5_dR_Max0p4                   |
INFO: |   141 |  0.000% |    0.667% |  0.000% | L1_Mu3_Jet60er2p5_dR_Max0p4                   |
INFO: |   144 |  0.000% |    0.700% |  0.000% | L1_DoubleJet120er2p5_Mu3_dR_Max0p8            |
INFO: |   139 |  0.000% |    0.700% |  0.000% | L1_DoubleJet16er2p5_Mu3_dR_Max0p4             |
INFO: |   140 |  0.000% |    0.700% |  0.000% | L1_DoubleJet35er2p5_Mu3_dR_Max0p4             |
INFO: |   142 |  0.000% |    0.700% |  0.000% | L1_DoubleJet60er2p5_Mu3_dR_Max0p4             |
INFO: |   143 |  0.000% |    0.700% |  0.000% | L1_DoubleJet80er2p5_Mu3_dR_Max0p4             |
INFO: |   153 |  0.000% |    0.766% |  0.000% | L1_Mu10er2p3_Jet32er2p3_dR_Max0p4_Doub...     |
INFO: |   154 |  0.000% |    0.766% |  0.000% | L1_Mu12er2p3_Jet40er2p3_dR_Max0p4_Doub...     |
INFO: |   155 |  0.000% |    0.869% |  0.000% | L1_DoubleMu0_dR_Max1p6_Jet90er2p5_dR_M...     |
INFO: |   348 |  0.000% |    0.871% |  0.000% | L1_DoubleJet_110_35_DoubleJet35_Mass_M...     |
INFO: |   349 |  0.000% |    0.871% |  0.000% | L1_DoubleJet_110_35_DoubleJet35_Mass_M...     |
INFO: |   350 |  0.000% |    0.871% |  0.000% | L1_DoubleJet_110_35_DoubleJet35_Mass_M...     |
INFO: |   346 |  0.000% |    0.871% |  0.000% | L1_DoubleJet_110_35_DoubleJet35_Mass_M...     |
INFO: |   347 |  0.000% |    0.871% |  0.000% | L1_DoubleJet_110_35_DoubleJet35_Mass_M...     |
INFO: |   369 |  0.000% |    0.872% |  0.000% | L1_DoubleJet_70_35_DoubleJet35_Mass_Mi...     |
INFO: |   370 |  0.000% |    0.872% |  0.000% | L1_DoubleJet_70_35_DoubleJet35_Mass_Mi...     |
INFO: |   371 |  0.000% |    0.872% |  0.000% | L1_DoubleJet_70_35_DoubleJet35_Mass_Mi...     |
INFO: |   372 |  0.000% |    0.872% |  0.000% | L1_DoubleJet_70_35_DoubleJet35_Mass_Mi...     |
INFO: |   373 |  0.000% |    0.872% |  0.000% | L1_DoubleJet_70_35_DoubleJet35_Mass_Mi...     |
INFO: |   364 |  0.000% |    0.879% |  0.000% | L1_DoubleJet_85_35_DoubleJet35_Mass_Mi...     |
INFO: |   365 |  0.000% |    0.879% |  0.000% | L1_DoubleJet_85_35_DoubleJet35_Mass_Mi...     |
INFO: |   366 |  0.000% |    0.879% |  0.000% | L1_DoubleJet_85_35_DoubleJet35_Mass_Mi...     |
INFO: |   367 |  0.000% |    0.879% |  0.000% | L1_DoubleJet_85_35_DoubleJet35_Mass_Mi...     |
INFO: |   368 |  0.000% |    0.879% |  0.000% | L1_DoubleJet_85_35_DoubleJet35_Mass_Mi...     |
INFO: |   342 |  0.000% |    0.932% |  0.000% | L1_DoubleJet30er2p5_Mass_Min225_dEta_M...     |
INFO: |   343 |  0.000% |    0.932% |  0.000% | L1_DoubleJet30er2p5_Mass_Min250_dEta_M...     |
INFO: |   344 |  0.000% |    0.932% |  0.000% | L1_DoubleJet30er2p5_Mass_Min300_dEta_M...     |
INFO: |   345 |  0.000% |    0.932% |  0.000% | L1_DoubleJet30er2p5_Mass_Min330_dEta_M...     |
INFO: |   259 |  0.000% |    1.000% |  0.000% | L1_LooseIsoEG22er2p1_Tau70er2p1_dR_Min0p3     |
INFO: |   257 |  0.000% |    1.003% |  0.000% | L1_LooseIsoEG22er2p1_IsoTau26er2p1_dR_...     |
INFO: |   258 |  0.000% |    1.003% |  0.000% | L1_LooseIsoEG24er2p1_IsoTau27er2p1_dR_...     |
INFO: |   135 |  0.000% |    1.201% |  0.000% | L1_DoubleMu3_OS_er2p3_Mass_Max14_Doubl...     |
INFO: |   136 |  0.000% |    1.201% |  0.000% | L1_DoubleMu5_OS_er2p3_Mass_8to14_Doubl...     |
INFO: |   351 |  0.000% |    1.225% |  0.000% | L1_DoubleJet45_Mass_Min550_IsoTau45er2...     |
INFO: |   360 |  0.000% |    1.225% |  0.000% | L1_DoubleJet45_Mass_Min550_LooseIsoEG2...     |
INFO: |   352 |  0.000% |    1.225% |  0.000% | L1_DoubleJet45_Mass_Min600_IsoTau45er2...     |
INFO: |   361 |  0.000% |    1.225% |  0.000% | L1_DoubleJet45_Mass_Min600_LooseIsoEG2...     |
INFO: |   353 |  0.000% |    1.225% |  0.000% | L1_DoubleJet45_Mass_Min700_IsoTau45er2...     |
INFO: |   362 |  0.000% |    1.225% |  0.000% | L1_DoubleJet45_Mass_Min700_LooseIsoEG2...     |
INFO: |   354 |  0.000% |    1.225% |  0.000% | L1_DoubleJet45_Mass_Min800_IsoTau45er2...     |
INFO: |   363 |  0.000% |    1.225% |  0.000% | L1_DoubleJet45_Mass_Min800_LooseIsoEG2...     |
INFO: |   355 |  0.000% |    1.905% |  0.000% | L1_DoubleJet_65_35_DoubleJet35_Mass_Mi...     |
INFO: |   356 |  0.000% |    1.905% |  0.000% | L1_DoubleJet_65_35_DoubleJet35_Mass_Mi...     |
INFO: |   357 |  0.000% |    1.905% |  0.000% | L1_DoubleJet_65_35_DoubleJet35_Mass_Mi...     |
INFO: |   358 |  0.000% |    1.905% |  0.000% | L1_DoubleJet_65_35_DoubleJet35_Mass_Mi...     |
INFO: |   359 |  0.000% |    1.905% |  0.000% | L1_DoubleJet_65_35_DoubleJet35_Mass_Mi...     |
INFO: |-------|---------|-----------|---------|-----------------------------------------------|
INFO: |---------------------------------------------------------------------------------------|
INFO: distributing algorithms, shadow ratio: 0.0
INFO: starting algorithm distribution for 465 algorithms on 6 modules using shadow ratio of 0.0
INFO:  . adding L1_DoubleJet_65_35_DoubleJet35_Mass_Min600_DoubleJetCentral50 (355) to module 0
INFO:  +-- L1_DoubleJet_65_35_DoubleJet35_Mass_Min650_DoubleJetCentral50 shadowed ratio 91.3 %
INFO:  +--- L1_DoubleJet_65_35_DoubleJet35_Mass_Min750_DoubleJetCentral50 shadowed ratio 87.5 %
INFO:  +---- L1_DoubleJet_65_35_DoubleJet35_Mass_Min850_DoubleJetCentral50 shadowed ratio 84.0 %
INFO:  +----- L1_DoubleJet_110_35_DoubleJet35_Mass_Min850 shadowed ratio 3.8 %
INFO:  +------ L1_DoubleJet_110_35_DoubleJet35_Mass_Min1000 shadowed ratio 3.7 %
INFO:  +------- L1_DoubleJet_110_35_DoubleJet35_Mass_Min1100 shadowed ratio 3.6 %
INFO:  +-------- L1_DoubleJet_110_35_DoubleJet35_Mass_Min1200 shadowed ratio 3.4 %
INFO:  +--------- L1_DoubleJet_110_35_DoubleJet35_Mass_Min800 shadowed ratio 3.3 %
INFO:  +---------- L1_DoubleJet_65_35_DoubleJet35_Mass_Min950_DoubleJetCentral50 shadowed ratio 67.7 %
INFO:  +----------- L1_DoubleJet_70_35_DoubleJet35_Mass_Min600_ETMHF65 shadowed ratio 3.0 %
INFO:  +------------ L1_DoubleJet_70_35_DoubleJet35_Mass_Min500_ETMHF65 shadowed ratio 5.9 %
INFO:  +------------- L1_DoubleJet_70_35_DoubleJet35_Mass_Min550_ETMHF65 shadowed ratio 5.7 %
INFO:  +-------------- L1_DoubleJet_70_35_DoubleJet35_Mass_Min700_ETMHF65 shadowed ratio 5.6 %
INFO:  +--------------- L1_DoubleJet_70_35_DoubleJet35_Mass_Min800_ETMHF65 shadowed ratio 8.3 %
INFO:  +---------------- L1_DoubleJet_85_35_DoubleJet35_Mass_Min600_Mu3OQ shadowed ratio 2.6 %
INFO:  +----------------- L1_DoubleJet_85_35_DoubleJet35_Mass_Min650_Mu3OQ shadowed ratio 7.9 %
INFO:  +------------------ L1_DoubleJet_85_35_DoubleJet35_Mass_Min700_Mu3OQ shadowed ratio 7.9 %
INFO:  +------------------- L1_DoubleJet_85_35_DoubleJet35_Mass_Min800_Mu3OQ shadowed ratio 7.9 %
INFO:  +-------------------- L1_DoubleJet_85_35_DoubleJet35_Mass_Min900_Mu3OQ shadowed ratio 5.1 %
INFO:  ... adding shadowed L1_DoubleJet_70_35_DoubleJet35_Mass_Min700_ETMHF65 372 to module 0
INFO:  ... adding shadowed L1_DoubleJet_70_35_DoubleJet35_Mass_Min800_ETMHF65 373 to module 0
INFO:  ... adding shadowed L1_DoubleJet_110_35_DoubleJet35_Mass_Min1000 348 to module 0
INFO:  ... adding shadowed L1_DoubleJet_85_35_DoubleJet35_Mass_Min600_Mu3OQ 364 to module 0
INFO:  ... adding shadowed L1_DoubleJet_110_35_DoubleJet35_Mass_Min1100 349 to module 0
INFO:  ... adding shadowed L1_DoubleJet_85_35_DoubleJet35_Mass_Min650_Mu3OQ 365 to module 0
INFO:  ... adding shadowed L1_DoubleJet_110_35_DoubleJet35_Mass_Min1200 350 to module 0
INFO:  ... adding shadowed L1_DoubleJet_85_35_DoubleJet35_Mass_Min700_Mu3OQ 366 to module 0
INFO:  ... adding shadowed L1_DoubleJet_110_35_DoubleJet35_Mass_Min800 346 to module 0
INFO:  ... adding shadowed L1_DoubleJet_85_35_DoubleJet35_Mass_Min800_Mu3OQ 367 to module 0
INFO:  ... adding shadowed L1_DoubleJet_110_35_DoubleJet35_Mass_Min850 347 to module 0
INFO:  ... adding shadowed L1_DoubleJet_85_35_DoubleJet35_Mass_Min900_Mu3OQ 368 to module 0
INFO:  ... adding shadowed L1_DoubleJet_65_35_DoubleJet35_Mass_Min650_DoubleJetCentral50 356 to module 0
INFO:  ... adding shadowed L1_DoubleJet_65_35_DoubleJet35_Mass_Min750_DoubleJetCentral50 357 to module 0
INFO:  ... adding shadowed L1_DoubleJet_65_35_DoubleJet35_Mass_Min850_DoubleJetCentral50 358 to module 0
INFO:  ... adding shadowed L1_DoubleJet_65_35_DoubleJet35_Mass_Min950_DoubleJetCentral50 359 to module 0
INFO:  ... adding shadowed L1_DoubleJet_70_35_DoubleJet35_Mass_Min500_ETMHF65 369 to module 0
INFO:  ... adding shadowed L1_DoubleJet_70_35_DoubleJet35_Mass_Min550_ETMHF65 370 to module 0
INFO:  ... adding shadowed L1_DoubleJet_70_35_DoubleJet35_Mass_Min600_ETMHF65 371 to module 0
INFO:  . adding L1_DoubleJet45_Mass_Min550_IsoTau45er2p1_RmOvlp_dR0p5 (351) to module 1
INFO:  . adding L1_DoubleJet45_Mass_Min550_LooseIsoEG20er2p1_RmOvlp_dR0p2 (360) to module 2
INFO:  . adding L1_DoubleJet45_Mass_Min600_IsoTau45er2p1_RmOvlp_dR0p5 (352) to module 3
INFO:  . adding L1_DoubleJet45_Mass_Min600_LooseIsoEG20er2p1_RmOvlp_dR0p2 (361) to module 4
INFO:  . adding L1_DoubleJet45_Mass_Min700_IsoTau45er2p1_RmOvlp_dR0p5 (353) to module 5
INFO:  . adding L1_DoubleJet45_Mass_Min700_LooseIsoEG20er2p1_RmOvlp_dR0p2 (362) to module 1
INFO:  . adding L1_DoubleJet45_Mass_Min800_IsoTau45er2p1_RmOvlp_dR0p5 (354) to module 2
INFO:  . adding L1_DoubleJet45_Mass_Min800_LooseIsoEG20er2p1_RmOvlp_dR0p2 (363) to module 3
INFO:  . adding L1_DoubleMu3_OS_er2p3_Mass_Max14_DoubleEG7p5_er2p1_Mass_Max20 (135) to module 4
INFO:  . adding L1_DoubleMu5_OS_er2p3_Mass_8to14_DoubleEG3er2p1_Mass_Max20 (136) to module 5
INFO:  . adding L1_LooseIsoEG22er2p1_IsoTau26er2p1_dR_Min0p3 (257) to module 0
INFO:  . adding L1_LooseIsoEG24er2p1_IsoTau27er2p1_dR_Min0p3 (258) to module 4
INFO:  . adding L1_LooseIsoEG22er2p1_Tau70er2p1_dR_Min0p3 (259) to module 5
INFO:  . adding L1_DoubleJet30er2p5_Mass_Min225_dEta_Max1p5 (342) to module 1
INFO:  . adding L1_DoubleJet30er2p5_Mass_Min250_dEta_Max1p5 (343) to module 2
INFO:  . adding L1_DoubleJet30er2p5_Mass_Min300_dEta_Max1p5 (344) to module 3
INFO:  . adding L1_DoubleJet30er2p5_Mass_Min330_dEta_Max1p5 (345) to module 1
INFO:  . adding L1_DoubleMu0_dR_Max1p6_Jet90er2p5_dR_Max0p8 (155) to module 2
INFO:  . adding L1_Mu10er2p3_Jet32er2p3_dR_Max0p4_DoubleJet32er2p3_dEta_Max1p6 (153) to module 3
INFO:  . adding L1_Mu12er2p3_Jet40er2p3_dR_Max0p4_DoubleJet40er2p3_dEta_Max1p6 (154) to module 1
INFO:  . adding L1_DoubleJet120er2p5_Mu3_dR_Max0p8 (144) to module 0
INFO:  +-- L1_DoubleJet120er2p5 shadowed ratio 50.0 %
INFO:  ... adding shadowed L1_DoubleJet120er2p5 338 to module 0
INFO:  . adding L1_DoubleJet16er2p5_Mu3_dR_Max0p4 (139) to module 5
INFO:  . adding L1_DoubleJet35er2p5_Mu3_dR_Max0p4 (140) to module 4
INFO:  . adding L1_DoubleJet60er2p5_Mu3_dR_Max0p4 (142) to module 3
INFO:  +-- L1_Mu3_Jet60er2p5_dR_Max0p4 shadowed ratio 50.0 %
INFO:  ... adding shadowed L1_Mu3_Jet60er2p5_dR_Max0p4 141 to module 3
INFO:  . adding L1_DoubleJet80er2p5_Mu3_dR_Max0p4 (143) to module 3
INFO:  . adding L1_Mu3_Jet120er2p5_dR_Max0p4 (145) to module 1
INFO:  . adding L1_Mu3_Jet16er2p5_dR_Max0p4 (138) to module 3
INFO:  . adding L1_QuadJet_95_75_65_20_DoubleJet_75_65_er2p5_Jet20_FWD3p0 (377) to module 1
INFO:  +-- L1_TripleJet_95_75_65_DoubleJet_75_65_er2p5 shadowed ratio 20.0 %
INFO:  ... adding shadowed L1_TripleJet_95_75_65_DoubleJet_75_65_er2p5 374 to module 1
INFO:  . adding L1_DoubleEG15_11_er1p2_dR_Max0p6 (220) to module 2
INFO:  . adding L1_DoubleEG16_11_er1p2_dR_Max0p6 (221) to module 3
INFO:  . adding L1_DoubleEG17_11_er1p2_dR_Max0p6 (222) to module 1
INFO:  . adding L1_IsoTau52er2p1_QuadJet36er2p5 (292) to module 0
INFO:  . adding L1_HTT280er_QuadJet_70_55_40_35_er2p5 (384) to module 0
INFO:  +-- L1_DoubleEG8er2p5_HTT280er shadowed ratio 33.3 %
INFO:  +--- L1_DoubleEG8er2p5_HTT300er shadowed ratio 25.0 %
INFO:  +---- L1_DoubleEG8er2p5_HTT320er shadowed ratio 20.0 %
INFO:  +----- L1_HTT280er shadowed ratio 20.0 %
INFO:  +------ L1_HTT320er shadowed ratio 20.0 %
INFO:  +------- L1_HTT320er_QuadJet_70_55_40_40_er2p5 shadowed ratio 16.7 %
INFO:  +-------- L1_HTT320er_QuadJet_80_60_er2p1_45_40_er2p3 shadowed ratio 14.3 %
INFO:  +--------- L1_HTT320er_QuadJet_80_60_er2p1_50_45_er2p3 shadowed ratio 12.5 %
INFO:  ... adding shadowed L1_HTT320er_QuadJet_80_60_er2p1_50_45_er2p3 387 to module 0
INFO:  ... adding shadowed L1_DoubleEG8er2p5_HTT300er 249 to module 0
INFO:  ... adding shadowed L1_HTT320er 393 to module 0
INFO:  ... adding shadowed L1_DoubleEG8er2p5_HTT320er 250 to module 0
INFO:  ... adding shadowed L1_HTT320er_QuadJet_70_55_40_40_er2p5 385 to module 0
INFO:  ... adding shadowed L1_HTT280er 392 to module 0
INFO:  ... adding shadowed L1_DoubleEG8er2p5_HTT280er 248 to module 0
INFO:  ... adding shadowed L1_HTT320er_QuadJet_80_60_er2p1_45_40_er2p3 386 to module 0
INFO:  . adding L1_QuadJet60er2p5 (378) to module 5
INFO:  . adding L1_DoubleTau_Iso34_Iso23_er2p1_Jet55_RmOvlp_dR0p5 (277) to module 4
INFO:  . adding L1_DoubleTau_Iso34_Iso23_er2p1_Jet70_RmOvlp_dR0p5 (278) to module 2
INFO:  . adding L1_DoubleTau_Iso34_Iso26_er2p1_Jet55_RmOvlp_dR0p5 (273) to module 3
INFO:  . adding L1_DoubleTau_Iso34_Iso26_er2p1_Jet70_RmOvlp_dR0p5 (276) to module 1
INFO:  . adding L1_DoubleTau_Iso38_Iso26_er2p1_Jet55_RmOvlp_dR0p5 (274) to module 5
INFO:  . adding L1_DoubleTau_Iso40_Iso26_er2p1_Jet55_RmOvlp_dR0p5 (275) to module 0
INFO:  . adding L1_TripleMu_5SQ_3SQ_0OQ_DoubleMu_5_3_SQ_OS_Mass_Max9 (114) to module 4
INFO:  +-- L1_TripleMu_5SQ_3SQ_0_DoubleMu_5_3_SQ_OS_Mass_Max9 shadowed ratio 33.3 %
INFO:  +--- L1_TripleMu_5SQ_3SQ_0OQ shadowed ratio 33.3 %
INFO:  ... adding shadowed L1_TripleMu_5SQ_3SQ_0_DoubleMu_5_3_SQ_OS_Mass_Max9 115 to module 4
INFO:  ... adding shadowed L1_TripleMu_5SQ_3SQ_0OQ 105 to module 4
INFO:  . adding L1_TripleMu_5_3p5_2p5_DoubleMu_5_2p5_OS_Mass_5to17 (112) to module 2
INFO:  +-- L1_TripleMu_5_4_2p5_DoubleMu_5_2p5_OS_Mass_5to17 shadowed ratio 33.3 %
INFO:  +--- L1_TripleMu_5_3p5_2p5 shadowed ratio 33.3 %
INFO:  ... adding shadowed L1_TripleMu_5_3p5_2p5 106 to module 2
INFO:  ... adding shadowed L1_TripleMu_5_4_2p5_DoubleMu_5_2p5_OS_Mass_5to17 113 to module 2
INFO:  . adding L1_DoubleMu4p5er2p0_SQ_OS_Mass_7to18 (96) to module 3
INFO:  . adding L1_DoubleMu4p5er2p0_SQ_OS_Mass_Min7 (95) to module 1
INFO:  . adding L1_DoubleMu0_Mass_Min1 (60) to module 5
INFO:  . adding L1_DoubleMu_15_7_Mass_Min1 (67) to module 4
INFO:  . adding L1_DoubleMu0er1p4_SQ_OS_dR_Max1p4 (84) to module 5
INFO:  . adding L1_DoubleMu0er1p5_SQ_OS_dR_Max1p4 (82) to module 4
INFO:  . adding L1_DoubleMu0er1p5_SQ_dR_Max1p4 (81) to module 0
INFO:  . adding L1_DoubleMu3er2p0_SQ_OS_dR_Max1p6 (88) to module 5
INFO:  . adding L1_DoubleMu4er2p0_SQ_OS_dR_Max1p6 (91) to module 4
INFO:  . adding L1_TripleMu_3SQ_2p5SQ_0_Mass_Max12 (104) to module 2
INFO:  . adding L1_TripleMu_3SQ_2p5SQ_0_OS_Mass_Max12 (110) to module 5
INFO:  . adding L1_TripleMu_4SQ_2p5SQ_0_OS_Mass_Max12 (111) to module 4
INFO:  . adding L1_DoubleMu4_SQ_OS_dR_Max1p2 (90) to module 2
INFO:  . adding L1_DoubleMu4p5_SQ_OS_dR_Max1p2 (93) to module 5
INFO:  . adding L1_DoubleMu5_SQ_OS_dR_Max1p6 (97) to module 4
INFO:  . adding L1_IsoEG32er2p5_Mt40 (218) to module 2
INFO:  . adding L1_CDC_SingleMu_3_er1p2_TOP120_DPHI2p618_3p142 (505) to module 3
INFO:  . adding L1_DoubleEG15_er1p5_dEta_Max1p5 (223) to module 1
INFO:  . adding L1_DoubleEG16_er1p5_dEta_Max1p5 (224) to module 5
INFO:  . adding L1_DoubleEG17_er1p5_dEta_Max1p5 (225) to module 0
INFO:  . adding L1_DoubleJet100er2p3_dEta_Max1p6 (340) to module 4
INFO:  . adding L1_DoubleJet112er2p3_dEta_Max1p6 (341) to module 2
INFO:  . adding L1_DoubleMu0er2p0_SQ_OS_dEta_Max0p3_dPhi_0p8to1p2 (87) to module 2
INFO:  . adding L1_DoubleMu3_SQ_ETMHF30_Jet60er2p5_OR_DoubleJet40er2p5 (159) to module 1
INFO:  +-- L1_DoubleMu3_SQ_ETMHF40_Jet60er2p5_OR_DoubleJet40er2p5 shadowed ratio 60.0 %
INFO:  +--- L1_DoubleJet40er2p5 shadowed ratio 20.0 %
INFO:  +---- L1_SingleJet60er1p3to2p5 shadowed ratio 16.7 %
INFO:  +----- L1_SingleJet60er1p3 shadowed ratio 16.7 %
INFO:  +------ L1_SingleJet60er2p5to3p0 shadowed ratio 14.3 %
INFO:  +------- L1_SingleJet60er3p0to5p0 shadowed ratio 12.5 %
INFO:  +-------- L1_SingleJet60 shadowed ratio 12.5 %
INFO:  +--------- L1_DoubleMu3_SQ_ETMHF30_HTT60er shadowed ratio 22.2 %
INFO:  +---------- L1_ETMHF100_HTT60er shadowed ratio 10.0 %
INFO:  +----------- L1_ETMHF100 shadowed ratio 10.0 %
INFO:  +------------ L1_ETMHF110_HTT60er shadowed ratio 9.1 %
INFO:  +------------- L1_ETMHF110 shadowed ratio 9.1 %
INFO:  +-------------- L1_ETMHF120_HTT60er shadowed ratio 8.3 %
INFO:  +--------------- L1_ETMHF120 shadowed ratio 8.3 %
INFO:  +---------------- L1_ETMHF130_HTT60er shadowed ratio 7.7 %
INFO:  +----------------- L1_ETMHF130 shadowed ratio 7.7 %
INFO:  +------------------ L1_ETMHF70_HTT60er shadowed ratio 7.1 %
INFO:  +------------------- L1_ETMHF70 shadowed ratio 7.1 %
INFO:  +-------------------- L1_ETMHF80_HTT60er shadowed ratio 6.7 %
INFO:  +--------------------- L1_ETMHF80 shadowed ratio 6.7 %
INFO:  +---------------------- L1_ETMHF80_SingleJet55er2p5_dPhi_Min2p1 shadowed ratio 6.2 %
INFO:  +----------------------- L1_ETMHF80_SingleJet55er2p5_dPhi_Min2p6 shadowed ratio 5.9 %
INFO:  +------------------------ L1_ETMHF90_HTT60er shadowed ratio 5.6 %
INFO:  +------------------------- L1_ETMHF90 shadowed ratio 5.6 %
INFO:  +-------------------------- L1_ETMHF90_SingleJet60er2p5_dPhi_Min2p1 shadowed ratio 5.3 %
INFO:  +--------------------------- L1_ETMHF90_SingleJet60er2p5_dPhi_Min2p6 shadowed ratio 5.0 %
INFO:  +---------------------------- L1_DoubleMu3_SQ_ETMHF40_HTT60er shadowed ratio 15.0 %
INFO:  +----------------------------- L1_DoubleMu3_SQ_ETMHF50_HTT60er shadowed ratio 9.5 %
INFO:  +------------------------------ L1_Mu3er1p5_Jet100er2p5_ETMHF30 shadowed ratio 4.3 %
INFO:  +------------------------------- L1_DoubleMu3_SQ_ETMHF50_Jet60er2p5 shadowed ratio 13.0 %
INFO:  +-------------------------------- L1_Mu3er1p5_Jet100er2p5_ETMHF40 shadowed ratio 13.0 %
INFO:  +--------------------------------- L1_DoubleMu3_SQ_ETMHF50_Jet60er2p5_OR_DoubleJet40er2p5 shadowed ratio 17.4 %
INFO:  +---------------------------------- L1_Mu3er1p5_Jet100er2p5_ETMHF50 shadowed ratio 13.0 %
INFO:  +----------------------------------- L1_DoubleMu3_SQ_ETMHF60_Jet60er2p5 shadowed ratio 8.3 %
INFO:  +------------------------------------ L1_DoubleMu3_SQ_HTT220er shadowed ratio 4.0 %
INFO:  ... adding shadowed L1_ETMHF70 400 to module 1
INFO:  ... adding shadowed L1_DoubleMu3_SQ_ETMHF50_Jet60er2p5_OR_DoubleJet40er2p5 161 to module 1
INFO:  ... adding shadowed L1_Mu3er1p5_Jet100er2p5_ETMHF50 148 to module 1
INFO:  ... adding shadowed L1_ETMHF70_HTT60er 409 to module 1
INFO:  ... adding shadowed L1_DoubleMu3_SQ_ETMHF60_Jet60er2p5 163 to module 1
INFO:  ... adding shadowed L1_ETMHF80 401 to module 1
INFO:  ... adding shadowed L1_DoubleMu3_SQ_HTT220er 164 to module 1
INFO:  ... adding shadowed L1_ETMHF80_HTT60er 410 to module 1
INFO:  ... adding shadowed L1_ETMHF80_SingleJet55er2p5_dPhi_Min2p1 328 to module 1
INFO:  ... adding shadowed L1_ETMHF100 403 to module 1
INFO:  ... adding shadowed L1_ETMHF80_SingleJet55er2p5_dPhi_Min2p6 329 to module 1
INFO:  ... adding shadowed L1_ETMHF100_HTT60er 412 to module 1
INFO:  ... adding shadowed L1_DoubleJet40er2p5 336 to module 1
INFO:  ... adding shadowed L1_SingleJet60 301 to module 1
INFO:  ... adding shadowed L1_ETMHF90 402 to module 1
INFO:  ... adding shadowed L1_ETMHF110 404 to module 1
INFO:  ... adding shadowed L1_ETMHF90_HTT60er 411 to module 1
INFO:  ... adding shadowed L1_ETMHF110_HTT60er 413 to module 1
INFO:  ... adding shadowed L1_SingleJet60er1p3 297 to module 1
INFO:  ... adding shadowed L1_ETMHF90_SingleJet60er2p5_dPhi_Min2p1 330 to module 1
INFO:  ... adding shadowed L1_ETMHF120 405 to module 1
INFO:  ... adding shadowed L1_DoubleMu3_SQ_ETMHF30_HTT60er 156 to module 1
INFO:  ... adding shadowed L1_SingleJet60er1p3to2p5 298 to module 1
INFO:  ... adding shadowed L1_ETMHF90_SingleJet60er2p5_dPhi_Min2p6 331 to module 1
INFO:  ... adding shadowed L1_ETMHF120_HTT60er 414 to module 1
INFO:  ... adding shadowed L1_SingleJet60er2p5to3p0 299 to module 1
INFO:  ... adding shadowed L1_ETMHF130 406 to module 1
INFO:  ... adding shadowed L1_DoubleMu3_SQ_ETMHF40_HTT60er 157 to module 1
INFO:  ... adding shadowed L1_SingleJet60er3p0to5p0 300 to module 1
INFO:  ... adding shadowed L1_ETMHF130_HTT60er 415 to module 1
INFO:  ... adding shadowed L1_DoubleMu3_SQ_ETMHF40_Jet60er2p5_OR_DoubleJet40er2p5 160 to module 1
INFO:  ... adding shadowed L1_DoubleMu3_SQ_ETMHF50_HTT60er 158 to module 1
INFO:  ... adding shadowed L1_Mu3er1p5_Jet100er2p5_ETMHF30 146 to module 1
INFO:  ... adding shadowed L1_DoubleMu3_SQ_ETMHF50_Jet60er2p5 162 to module 1
INFO:  ... adding shadowed L1_Mu3er1p5_Jet100er2p5_ETMHF40 147 to module 1
INFO:  . adding L1_DoubleMu0er1p4_OQ_OS_dEta_Max1p6 (86) to module 5
INFO:  . adding L1_DoubleMu0er1p4_SQ_OS_dEta_Max1p2 (85) to module 4
INFO:  . adding L1_DoubleMu0er1p5_SQ_OS_dEta_Max1p2 (83) to module 5
INFO:  . adding L1_DoubleMu0er2p0_SQ_OS_dEta_Max1p5 (78) to module 4
INFO:  . adding L1_DoubleMu0er2p0_SQ_dEta_Max1p5 (76) to module 5
INFO:  . adding L1_DoubleMu0er2p0_SQ_dEta_Max1p6 (75) to module 4
INFO:  . adding L1_TripleJet_100_80_70_DoubleJet_80_70_er2p5 (375) to module 5
INFO:  . adding L1_TripleJet_105_85_75_DoubleJet_85_75_er2p5 (376) to module 4
INFO:  . adding L1_Mu6_DoubleEG10er2p5 (129) to module 5
INFO:  +-- L1_Mu6_DoubleEG12er2p5 shadowed ratio 33.3 %
INFO:  +--- L1_Mu6_DoubleEG15er2p5 shadowed ratio 25.0 %
INFO:  +---- L1_Mu6_DoubleEG17er2p5 shadowed ratio 20.0 %
INFO:  +----- L1_Mu6_HTT240er shadowed ratio 16.7 %
INFO:  +------ L1_HTT240_SingleLLPJet70 shadowed ratio 14.3 %
INFO:  +------- L1_Mu6_HTT250er shadowed ratio 12.5 %
INFO:  ... adding shadowed L1_HTT240_SingleLLPJet70 383 to module 5
INFO:  ... adding shadowed L1_Mu6_HTT240er 149 to module 5
INFO:  ... adding shadowed L1_Mu6_DoubleEG12er2p5 130 to module 5
INFO:  ... adding shadowed L1_Mu6_HTT250er 150 to module 5
INFO:  ... adding shadowed L1_Mu6_DoubleEG15er2p5 131 to module 5
INFO:  ... adding shadowed L1_Mu6_DoubleEG17er2p5 132 to module 5
INFO:  . adding L1_DoubleEG_LooseIso16_LooseIso12_er1p5 (234) to module 4
INFO:  . adding L1_DoubleEG_LooseIso18_LooseIso12_er1p5 (235) to module 2
INFO:  . adding L1_DoubleEG_LooseIso20_LooseIso12_er1p5 (236) to module 4
INFO:  . adding L1_DoubleEG_LooseIso22_LooseIso12_er1p5 (237) to module 2
INFO:  . adding L1_DoubleEG_LooseIso25_LooseIso12_er1p5 (238) to module 4
INFO:  . adding L1_DoubleIsoTau28er2p1 (267) to module 2
INFO:  . adding L1_DoubleIsoTau30er2p1 (268) to module 4
INFO:  . adding L1_DoubleIsoTau32er2p1 (269) to module 0
INFO:  . adding L1_DoubleIsoTau34er2p1 (270) to module 2
INFO:  . adding L1_DoubleIsoTau35er2p1 (271) to module 4
INFO:  . adding L1_DoubleIsoTau36er2p1 (272) to module 0
INFO:  . adding L1_DoubleLooseIsoEG22er2p1 (239) to module 2
INFO:  . adding L1_DoubleLooseIsoEG24er2p1 (240) to module 4
INFO:  . adding L1_SingleIsoEG28_FWD2p5 (209) to module 5
INFO:  . adding L1_SingleIsoEG28er1p3to2p5 (207) to module 0
INFO:  +-- L1_SingleIsoEG28er2p5to3p0 shadowed ratio 33.3 %
INFO:  +--- L1_SingleEG28er2p5to3p0 shadowed ratio 25.0 %
INFO:  +---- L1_SingleEG28er1p3to2p5 shadowed ratio 20.0 %
INFO:  +----- L1_SingleEG28er1p3 shadowed ratio 20.0 %
INFO:  +------ L1_SingleEG28er2p5 shadowed ratio 20.0 %
INFO:  +------- L1_SingleIsoEG28er1p3 shadowed ratio 20.0 %
INFO:  +-------- L1_SingleIsoEG28er2p5 shadowed ratio 20.0 %
INFO:  +--------- L1_SingleLooseIsoEG28er2p5to3p0 shadowed ratio 16.7 %
INFO:  +---------- L1_SingleLooseIsoEG28er1p3to2p5 shadowed ratio 14.3 %
INFO:  +----------- L1_SingleLooseIsoEG28er1p3 shadowed ratio 14.3 %
INFO:  +------------ L1_SingleLooseIsoEG28er2p5 shadowed ratio 14.3 %
INFO:  ... adding shadowed L1_SingleEG28er1p3 177 to module 0
INFO:  ... adding shadowed L1_SingleIsoEG28er1p3 206 to module 0
INFO:  ... adding shadowed L1_SingleLooseIsoEG28er1p3 194 to module 0
INFO:  ... adding shadowed L1_SingleEG28er2p5 181 to module 0
INFO:  ... adding shadowed L1_SingleIsoEG28er2p5 210 to module 0
INFO:  ... adding shadowed L1_SingleLooseIsoEG28er2p5 198 to module 0
INFO:  ... adding shadowed L1_SingleEG28er1p3to2p5 178 to module 0
INFO:  ... adding shadowed L1_SingleLooseIsoEG28er1p3to2p5 195 to module 0
INFO:  ... adding shadowed L1_SingleEG28er2p5to3p0 179 to module 0
INFO:  ... adding shadowed L1_SingleIsoEG28er2p5to3p0 208 to module 0
INFO:  ... adding shadowed L1_SingleLooseIsoEG28er2p5to3p0 196 to module 0
INFO:  . adding L1_SingleLooseIsoEG28_FWD2p5 (197) to module 2
INFO:  . adding L1_Mu18er2p1_Tau26er2p1_Jet55 (281) to module 4
INFO:  +-- L1_Mu18er2p1_Tau26er2p1_Jet70 shadowed ratio 50.0 %
INFO:  +--- L1_Mu18er2p1_Tau24er2p1 shadowed ratio 20.0 %
INFO:  +---- L1_Mu18er2p1_Tau26er2p1 shadowed ratio 40.0 %
INFO:  ... adding shadowed L1_Mu18er2p1_Tau24er2p1 279 to module 4
INFO:  ... adding shadowed L1_Mu18er2p1_Tau26er2p1 280 to module 4
INFO:  ... adding shadowed L1_Mu18er2p1_Tau26er2p1_Jet70 282 to module 4
INFO:  . adding L1_DoubleEG_LooseIso22_12_er2p5 (232) to module 5
INFO:  . adding L1_DoubleEG_LooseIso25_12_er2p5 (233) to module 2
INFO:  . adding L1_DoubleMu0_Upt6_IP_Min1_Upt4 (73) to module 5
INFO:  . adding L1_DoubleEG2er2p13 (470) to module 2
INFO:  +-- L1_DoubleEG2er2p13_BptxAND shadowed ratio 50.0 %
INFO:  +--- L1_SecondBunchInTrain shadowed ratio 16.7 %
INFO:  +---- L1_SecondLastBunchInTrain shadowed ratio 37.5 %
INFO:  +----- L1_SingleEG5_BptxAND shadowed ratio 11.1 %
INFO:  +------ L1_SingleEG5 shadowed ratio 11.1 %
INFO:  +------- L1_SingleEG7_BptxAND shadowed ratio 10.0 %
INFO:  +-------- L1_SingleEG7 shadowed ratio 10.0 %
INFO:  +--------- L1_FirstBunchAfterTrain shadowed ratio 25.0 %
INFO:  +---------- L1_FirstBunchBeforeTrain shadowed ratio 30.8 %
INFO:  +----------- L1_SingleMuOpen_NotBptxOR shadowed ratio 7.1 %
INFO:  +------------ L1_SingleMuOpen shadowed ratio 7.1 %
INFO:  +------------- L1_FirstBunchInTrain shadowed ratio 35.7 %
INFO:  +-------------- L1_SingleMuOpen_er1p1_NotBptxOR_3BX shadowed ratio 20.0 %
INFO:  +--------------- L1_SingleMuOpen_er1p4_NotBptxOR_3BX shadowed ratio 18.8 %
INFO:  +---------------- L1_SingleJet12_BptxAND shadowed ratio 5.9 %
INFO:  +----------------- L1_SingleJet12er1p3_BptxAND shadowed ratio 5.6 %
INFO:  +------------------ L1_SingleJet16_BptxAND shadowed ratio 5.3 %
INFO:  +------------------- L1_SingleJet16er1p3_BptxAND shadowed ratio 5.0 %
INFO:  +-------------------- L1_SingleJet20_BptxAND shadowed ratio 4.8 %
INFO:  +--------------------- L1_SingleJet20er1p3_BptxAND shadowed ratio 4.5 %
INFO:  +---------------------- L1_SingleJet20er2p5_NotBptxOR shadowed ratio 4.3 %
INFO:  +----------------------- L1_SingleJet20er2p5_NotBptxOR_3BX shadowed ratio 17.4 %
INFO:  +------------------------ L1_SingleJet24_BptxAND shadowed ratio 4.2 %
INFO:  +------------------------- L1_SingleJet24er1p3_BptxAND shadowed ratio 4.0 %
INFO:  +-------------------------- L1_IsolatedBunch shadowed ratio 20.0 %
INFO:  +--------------------------- L1_LastBunchInTrain shadowed ratio 20.0 %
INFO:  +---------------------------- L1_AlwaysTrue shadowed ratio 4.0 %
INFO:  +----------------------------- L1_SingleJet43er2p5_NotBptxOR_3BX shadowed ratio 11.5 %
INFO:  +------------------------------ L1_SingleJet46er2p5_NotBptxOR_3BX shadowed ratio 11.1 %
INFO:  +------------------------------- L1_ZeroBias shadowed ratio 3.7 %
INFO:  +-------------------------------- L1_ZeroBias_copy shadowed ratio 3.7 %
INFO:  +--------------------------------- L1_MinimumBiasHF0_AND_BptxAND shadowed ratio 3.4 %
INFO:  +---------------------------------- L1_MinimumBiasHF0 shadowed ratio 6.9 %
INFO:  +----------------------------------- L1_SingleJet8_BptxAND shadowed ratio 3.3 %
INFO:  +------------------------------------ L1_SingleJet8 shadowed ratio 3.3 %
INFO:  +------------------------------------- L1_SingleJet8er1p3_BptxAND shadowed ratio 3.2 %
INFO:  +-------------------------------------- L1_SingleJet8er1p3 shadowed ratio 3.2 %
INFO:  +--------------------------------------- L1_BptxOR shadowed ratio 3.2 %
INFO:  +---------------------------------------- L1_DoubleEG2_BptxAND shadowed ratio 3.1 %
INFO:  +----------------------------------------- L1_DoubleEG2 shadowed ratio 3.1 %
INFO:  +------------------------------------------ L1_DoubleEG3_BptxAND shadowed ratio 3.0 %
INFO:  +------------------------------------------- L1_DoubleEG3er2p13_BptxAND shadowed ratio 2.9 %
INFO:  +-------------------------------------------- L1_DoubleEG4_BptxAND shadowed ratio 2.9 %
INFO:  +--------------------------------------------- L1_DoubleEG4er2p13_BptxAND shadowed ratio 2.8 %
INFO:  +---------------------------------------------- L1_NotBptxOR shadowed ratio 2.8 %
INFO:  ... adding shadowed L1_SingleMuOpen_er1p1_NotBptxOR_3BX 438 to module 2
INFO:  ... adding shadowed L1_LastBunchInTrain 489 to module 2
INFO:  ... adding shadowed L1_SingleEG7 460 to module 2
INFO:  ... adding shadowed L1_SingleJet8er1p3_BptxAND 449 to module 2
INFO:  ... adding shadowed L1_SingleMuOpen_er1p4_NotBptxOR_3BX 437 to module 2
INFO:  ... adding shadowed L1_SingleEG7_BptxAND 458 to module 2
INFO:  ... adding shadowed L1_BptxOR 478 to module 2
INFO:  ... adding shadowed L1_SingleJet16_BptxAND 446 to module 2
INFO:  ... adding shadowed L1_AlwaysTrue 472 to module 2
INFO:  ... adding shadowed L1_SingleJet16er1p3_BptxAND 451 to module 2
INFO:  ... adding shadowed L1_SingleJet43er2p5_NotBptxOR_3BX 441 to module 2
INFO:  ... adding shadowed L1_SingleJet46er2p5_NotBptxOR_3BX 442 to module 2
INFO:  ... adding shadowed L1_DoubleEG2 469 to module 2
INFO:  ... adding shadowed L1_ZeroBias 473 to module 2
INFO:  ... adding shadowed L1_SecondBunchInTrain 487 to module 2
INFO:  ... adding shadowed L1_DoubleEG2_BptxAND 463 to module 2
INFO:  ... adding shadowed L1_ZeroBias_copy 474 to module 2
INFO:  ... adding shadowed L1_SecondLastBunchInTrain 488 to module 2
INFO:  ... adding shadowed L1_SingleJet20_BptxAND 447 to module 2
INFO:  ... adding shadowed L1_MinimumBiasHF0 476 to module 2
INFO:  ... adding shadowed L1_SingleJet20er1p3_BptxAND 452 to module 2
INFO:  ... adding shadowed L1_MinimumBiasHF0_AND_BptxAND 475 to module 2
INFO:  ... adding shadowed L1_DoubleEG2er2p13_BptxAND 464 to module 2
INFO:  ... adding shadowed L1_SingleJet20er2p5_NotBptxOR 439 to module 2
INFO:  ... adding shadowed L1_SingleMuOpen 4 to module 2
INFO:  ... adding shadowed L1_DoubleEG3_BptxAND 465 to module 2
INFO:  ... adding shadowed L1_SingleEG5 459 to module 2
INFO:  ... adding shadowed L1_SingleJet20er2p5_NotBptxOR_3BX 440 to module 2
INFO:  ... adding shadowed L1_DoubleEG3er2p13_BptxAND 466 to module 2
INFO:  ... adding shadowed L1_FirstBunchAfterTrain 490 to module 2
INFO:  ... adding shadowed L1_SingleJet24_BptxAND 448 to module 2
INFO:  ... adding shadowed L1_SingleJet12_BptxAND 445 to module 2
INFO:  ... adding shadowed L1_DoubleEG4_BptxAND 467 to module 2
INFO:  ... adding shadowed L1_SingleEG5_BptxAND 457 to module 2
INFO:  ... adding shadowed L1_FirstBunchBeforeTrain 485 to module 2
INFO:  ... adding shadowed L1_SingleJet8 454 to module 2
INFO:  ... adding shadowed L1_SingleJet24er1p3_BptxAND 453 to module 2
INFO:  ... adding shadowed L1_SingleMuOpen_NotBptxOR 436 to module 2
INFO:  ... adding shadowed L1_SingleJet12er1p3_BptxAND 450 to module 2
INFO:  ... adding shadowed L1_DoubleEG4er2p13_BptxAND 468 to module 2
INFO:  ... adding shadowed L1_FirstBunchInTrain 486 to module 2
INFO:  ... adding shadowed L1_SingleJet8_BptxAND 444 to module 2
INFO:  ... adding shadowed L1_IsolatedBunch 484 to module 2
INFO:  ... adding shadowed L1_NotBptxOR 477 to module 2
INFO:  ... adding shadowed L1_SingleJet8er1p3 455 to module 2
INFO:  . adding L1_DoubleEG_15_10_er2p5 (226) to module 5
INFO:  . adding L1_DoubleEG_20_10_er2p5 (227) to module 4
INFO:  . adding L1_DoubleEG_22_10_er2p5 (228) to module 5
INFO:  . adding L1_DoubleEG_25_12_er2p5 (229) to module 4
INFO:  . adding L1_DoubleEG_25_14_er2p5 (230) to module 5
INFO:  . adding L1_DoubleEG_27_14_er2p5 (231) to module 4
INFO:  . adding L1_DoubleJet100er2p5 (337) to module 5
INFO:  . adding L1_DoubleJet150er2p5 (339) to module 4
INFO:  . adding L1_DoubleMu0_Upt15_Upt7 (74) to module 5
INFO:  . adding L1_DoubleMu0_Upt5_Upt5 (69) to module 4
INFO:  . adding L1_DoubleMu0_Upt6_SQ_er2p0 (70) to module 5
INFO:  . adding L1_DoubleMu0_Upt7_SQ_er2p0 (71) to module 3
INFO:  . adding L1_DoubleMu0_Upt8_SQ_er2p0 (72) to module 4
INFO:  . adding L1_DoubleTau70er2p1 (266) to module 5
INFO:  . adding L1_SingleEG28_FWD2p5 (180) to module 0
INFO:  . adding L1_SingleJet120_FWD2p5 (316) to module 3
INFO:  . adding L1_SingleJet120_FWD3p0 (318) to module 4
INFO:  . adding L1_SingleJet35_FWD2p5 (313) to module 5
INFO:  . adding L1_SingleJet35_FWD3p0 (317) to module 0
INFO:  . adding L1_SingleJet60_FWD2p5 (314) to module 3
INFO:  . adding L1_SingleJet90_FWD2p5 (315) to module 4
INFO:  . adding L1_Mu22er2p1_IsoTau30er2p1 (286) to module 5
INFO:  +-- L1_Mu22er2p1_IsoTau32er2p1 shadowed ratio 33.3 %
INFO:  +--- L1_Mu22er2p1_IsoTau34er2p1 shadowed ratio 25.0 %
INFO:  +---- L1_Mu22er2p1_IsoTau40er2p1 shadowed ratio 20.0 %
INFO:  +----- L1_Mu22er2p1_Tau70er2p1 shadowed ratio 16.7 %
INFO:  ... adding shadowed L1_Mu22er2p1_IsoTau40er2p1 290 to module 5
INFO:  ... adding shadowed L1_Mu22er2p1_Tau70er2p1 291 to module 5
INFO:  ... adding shadowed L1_Mu22er2p1_IsoTau32er2p1 287 to module 5
INFO:  ... adding shadowed L1_Mu22er2p1_IsoTau34er2p1 288 to module 5
INFO:  . adding L1_DoubleMu4_SQ_EG9er2p5 (133) to module 0
INFO:  +-- L1_DoubleMu5_SQ_EG9er2p5 shadowed ratio 33.3 %
INFO:  ... adding shadowed L1_DoubleMu5_SQ_EG9er2p5 134 to module 0
INFO:  . adding L1_QuadMu0 (117) to module 3
INFO:  . adding L1_QuadMu0_OQ (116) to module 4
INFO:  . adding L1_QuadMu0_SQ (118) to module 1
INFO:  . adding L1_Mu5_LooseIsoEG20er2p5 (126) to module 3
INFO:  +-- L1_Mu7_LooseIsoEG20er2p5 shadowed ratio 33.3 %
INFO:  +--- L1_SingleMu5 shadowed ratio 33.3 %
INFO:  +---- L1_SingleMu7 shadowed ratio 33.3 %
INFO:  +----- L1_Mu5_EG23er2p5 shadowed ratio 25.0 %
INFO:  +------ L1_Mu7_EG20er2p5 shadowed ratio 20.0 %
INFO:  +------- L1_Mu7_EG23er2p5 shadowed ratio 40.0 %
INFO:  +-------- L1_Mu7_LooseIsoEG23er2p5 shadowed ratio 16.7 %
INFO:  ... adding shadowed L1_Mu7_EG23er2p5 124 to module 3
INFO:  ... adding shadowed L1_SingleMu7 22 to module 3
INFO:  ... adding shadowed L1_Mu7_LooseIsoEG20er2p5 127 to module 3
INFO:  ... adding shadowed L1_Mu5_EG23er2p5 122 to module 3
INFO:  ... adding shadowed L1_Mu7_LooseIsoEG23er2p5 128 to module 3
INFO:  ... adding shadowed L1_Mu7_EG20er2p5 123 to module 3
INFO:  ... adding shadowed L1_SingleMu5 20 to module 3
INFO:  . adding L1_DoubleMu0er1p5_SQ_OS (80) to module 4
INFO:  . adding L1_DoubleMu4p5er2p0_SQ_OS (94) to module 1
INFO:  . adding L1_DoubleMu0er1p5_SQ (79) to module 0
INFO:  . adding L1_DoubleMu18er2p1_SQ (68) to module 4
INFO:  . adding L1_SingleJet10erHE (320) to module 1
INFO:  . adding L1_SingleJet12erHE (321) to module 0
INFO:  . adding L1_SingleJet8erHE (319) to module 4
INFO:  . adding L1_Mu20_EG10er2p5 (125) to module 1
INFO:  +-- L1_SingleEG10er2p5 shadowed ratio 50.0 %
INFO:  +--- L1_SingleMu20 shadowed ratio 50.0 %
INFO:  ... adding shadowed L1_SingleMu20 39 to module 1
INFO:  ... adding shadowed L1_SingleEG10er2p5 174 to module 1
INFO:  . adding L1_Mu3_Jet30er2p5 (137) to module 0
INFO:  +-- L1_SingleMu3 shadowed ratio 50.0 %
INFO:  ... adding shadowed L1_SingleMu3 19 to module 0
INFO:  . adding L1_DoubleLLPJet40 (379) to module 5
INFO:  . adding L1_SingleMu0_Upt10_EMTF (18) to module 4
INFO:  . adding L1_SingleMu0_Upt10_OMTF (17) to module 5
INFO:  . adding L1_TripleMu0 (99) to module 4
INFO:  . adding L1_TripleMu0_OQ (98) to module 0
INFO:  . adding L1_TripleMu0_SQ (100) to module 1
INFO:  . adding L1_TripleMu3 (101) to module 5
INFO:  . adding L1_TripleMu3_SQ (102) to module 4
INFO:  . adding L1_TripleMu_3SQ_2p5SQ_0 (103) to module 0
INFO:  . adding L1_TripleMu_5_3_3 (107) to module 1
INFO:  . adding L1_TripleMu_5_3_3_SQ (108) to module 5
INFO:  . adding L1_TripleMu_5_5_3 (109) to module 4
INFO:  . adding L1_LooseIsoEG14er2p5_HTT200er (241) to module 0
INFO:  +-- L1_LooseIsoEG16er2p5_HTT200er shadowed ratio 33.3 %
INFO:  +--- L1_HTT200_SingleLLPJet60 shadowed ratio 25.0 %
INFO:  +---- L1_HTT200er shadowed ratio 25.0 %
INFO:  ... adding shadowed L1_HTT200_SingleLLPJet60 382 to module 0
INFO:  ... adding shadowed L1_HTT200er 390 to module 0
INFO:  ... adding shadowed L1_LooseIsoEG16er2p5_HTT200er 242 to module 0
INFO:  . adding L1_SingleIsoEG24er2p1 (203) to module 1
INFO:  . adding L1_SingleIsoEG26er2p1 (205) to module 3
INFO:  . adding L1_SingleIsoEG26er2p5 (204) to module 5
INFO:  . adding L1_SingleIsoEG28er1p5 (212) to module 4
INFO:  . adding L1_SingleIsoEG28er2p1 (211) to module 1
INFO:  . adding L1_SingleIsoEG30er2p1 (214) to module 3
INFO:  . adding L1_SingleIsoEG30er2p5 (213) to module 5
INFO:  . adding L1_SingleIsoEG32er2p1 (216) to module 4
INFO:  . adding L1_SingleIsoEG32er2p5 (215) to module 1
INFO:  . adding L1_SingleIsoEG34er2p5 (217) to module 3
INFO:  . adding L1_SingleLooseIsoEG26er1p5 (193) to module 5
INFO:  . adding L1_SingleLooseIsoEG26er2p5 (192) to module 4
INFO:  . adding L1_SingleLooseIsoEG28er1p5 (200) to module 1
INFO:  . adding L1_SingleLooseIsoEG28er2p1 (199) to module 3
INFO:  . adding L1_SingleLooseIsoEG30er1p5 (202) to module 5
INFO:  . adding L1_SingleLooseIsoEG30er2p5 (201) to module 0
INFO:  . adding L1_SingleMu0_EMTF (11) to module 4
INFO:  . adding L1_SingleMu0_OMTF (10) to module 1
INFO:  . adding L1_SingleMu12_DQ_EMTF (36) to module 3
INFO:  . adding L1_SingleMu12_DQ_OMTF (35) to module 5
INFO:  . adding L1_SingleMu22_EMTF (45) to module 0
INFO:  . adding L1_SingleMu22_OMTF (44) to module 4
INFO:  . adding L1_SingleMuOpen_EMTF (7) to module 1
INFO:  . adding L1_SingleMuOpen_OMTF (6) to module 3
INFO:  . adding L1_SingleEG15er2p5 (175) to module 5
INFO:  . adding L1_SingleEG26er2p5 (176) to module 0
INFO:  . adding L1_SingleEG28er1p5 (183) to module 4
INFO:  . adding L1_SingleEG28er2p1 (182) to module 1
INFO:  . adding L1_SingleEG34er2p5 (184) to module 3
INFO:  . adding L1_SingleEG36er2p5 (185) to module 5
INFO:  . adding L1_SingleEG38er2p5 (186) to module 0
INFO:  . adding L1_SingleEG40er2p5 (187) to module 4
INFO:  . adding L1_SingleEG42er2p5 (188) to module 1
INFO:  . adding L1_SingleEG45er2p5 (189) to module 3
INFO:  . adding L1_SingleEG5er1p52 (461) to module 5
INFO:  . adding L1_SingleEG7er1p52 (462) to module 0
INFO:  . adding L1_SingleEG8er2p5 (173) to module 4
INFO:  . adding L1_SingleJet120er1p3 (308) to module 1
INFO:  . adding L1_SingleJet120er2p5 (309) to module 3
INFO:  . adding L1_SingleJet140er2p5 (310) to module 5
INFO:  . adding L1_SingleJet160er2p5 (311) to module 0
INFO:  . adding L1_SingleJet180er2p5 (312) to module 4
INFO:  . adding L1_SingleJet35er1p3 (306) to module 1
INFO:  . adding L1_SingleJet35er2p5 (307) to module 3
INFO:  . adding L1_SingleJet8er2p13 (456) to module 5
INFO:  . adding L1_SingleMu0_Upt10_BMTF (16) to module 0
INFO:  . adding L1_SingleMu0_Upt15_SQ14_BMTF (53) to module 4
INFO:  . adding L1_SingleMu0_Upt20_SQ14_BMTF (54) to module 1
INFO:  . adding L1_SingleMuCosmics_EMTF (3) to module 3
INFO:  . adding L1_SingleMuCosmics_OMTF (2) to module 5
INFO:  . adding L1_SingleTau120er2p1 (263) to module 0
INFO:  . adding L1_SingleTau130er2p1 (264) to module 4
INFO:  . adding L1_DoubleMu0_SQ_OS (59) to module 1
INFO:  . adding L1_DoubleMu4_SQ_OS (89) to module 3
INFO:  . adding L1_DoubleMu4p5_SQ_OS (92) to module 5
INFO:  . adding L1_DoubleMu0 (57) to module 0
INFO:  . adding L1_DoubleMu0_OQ (56) to module 4
INFO:  . adding L1_DoubleMu0_SQ (58) to module 1
INFO:  . adding L1_DoubleMu8_SQ (61) to module 3
INFO:  . adding L1_DoubleMu9_SQ (62) to module 5
INFO:  . adding L1_DoubleMu_12_5 (63) to module 0
INFO:  . adding L1_DoubleMu_15_5_SQ (64) to module 4
INFO:  . adding L1_DoubleMu_15_7 (65) to module 1
INFO:  . adding L1_DoubleMu_15_7_SQ (66) to module 3
INFO:  . adding L1_SingleMu0_BMTF (9) to module 5
INFO:  . adding L1_SingleMu0_SQ13_BMTF (12) to module 0
INFO:  . adding L1_SingleMu0_SQ14_BMTF (13) to module 4
INFO:  . adding L1_SingleMu0_SQ15_BMTF (14) to module 1
INFO:  . adding L1_SingleMu10_SQ14_BMTF (30) to module 5
INFO:  . adding L1_SingleMu11_SQ14_BMTF (31) to module 0
INFO:  . adding L1_SingleMu12_DQ_BMTF (34) to module 3
INFO:  . adding L1_SingleMu13_SQ14_BMTF (32) to module 4
INFO:  . adding L1_SingleMu22_BMTF (43) to module 1
INFO:  . adding L1_SingleMu22_BMTF_NEG (47) to module 5
INFO:  . adding L1_SingleMu22_BMTF_POS (46) to module 0
INFO:  . adding L1_SingleMu22_EMTF_NEG (51) to module 3
INFO:  . adding L1_SingleMu22_EMTF_POS (50) to module 4
INFO:  . adding L1_SingleMu22_OMTF_NEG (49) to module 1
INFO:  . adding L1_SingleMu22_OMTF_POS (48) to module 5
INFO:  . adding L1_SingleMu5_BMTF (24) to module 0
INFO:  . adding L1_SingleMu5_SQ14_BMTF (25) to module 3
INFO:  . adding L1_SingleMu6_SQ14_BMTF (26) to module 4
INFO:  . adding L1_SingleMu7_SQ14_BMTF (27) to module 1
INFO:  . adding L1_SingleMu8_SQ14_BMTF (28) to module 5
INFO:  . adding L1_SingleMu9_SQ14_BMTF (29) to module 0
INFO:  . adding L1_SingleMuOpen_BMTF (5) to module 3
INFO:  . adding L1_HTT120_SingleLLPJet40 (380) to module 4
INFO:  +-- L1_HTT120er shadowed ratio 50.0 %
INFO:  ... adding shadowed L1_HTT120er 388 to module 4
INFO:  . adding L1_HTT160_SingleLLPJet50 (381) to module 1
INFO:  +-- L1_HTT160er shadowed ratio 50.0 %
INFO:  ... adding shadowed L1_HTT160er 389 to module 1
INFO:  . adding L1_SingleMu0_Upt10 (15) to module 5
INFO:  . adding L1_SingleMuCosmics_BMTF (1) to module 0
INFO:  . adding L1_Mu12_HTT150er (151) to module 3
INFO:  +-- L1_Mu14_HTT150er shadowed ratio 33.3 %
INFO:  ... adding shadowed L1_Mu14_HTT150er 152 to module 3
INFO:  . adding L1_SingleEG50 (190) to module 5
INFO:  . adding L1_SingleEG60 (191) to module 0
INFO:  . adding L1_SingleJet120 (303) to module 4
INFO:  . adding L1_SingleJet180 (304) to module 1
INFO:  . adding L1_SingleJet200 (305) to module 3
INFO:  . adding L1_SingleJet35 (296) to module 5
INFO:  . adding L1_SingleJet90 (302) to module 0
INFO:  . adding L1_SingleMu0_DQ (8) to module 4
INFO:  . adding L1_SingleMu15_DQ (37) to module 1
INFO:  . adding L1_SingleMu18 (38) to module 3
INFO:  . adding L1_SingleMu22 (42) to module 5
INFO:  . adding L1_SingleMu22_DQ (41) to module 0
INFO:  . adding L1_SingleMu22_OQ (40) to module 4
INFO:  . adding L1_SingleMu25 (52) to module 1
INFO:  . adding L1_SingleMu7_DQ (21) to module 3
INFO:  . adding L1_SingleMuCosmics (0) to module 5
INFO: [*] applying condition constraint 'Axol1tlTrigger' => module 1
INFO:  . adding L1_AXO_Loose (422) to module 1
INFO: [*] applying condition constraint 'Axol1tlTrigger' => module 1
INFO:  . adding L1_AXO_Medium (423) to module 1
INFO: [*] applying condition constraint 'Axol1tlTrigger' => module 1
INFO:  . adding L1_AXO_Tight (424) to module 1
INFO: [*] applying condition constraint 'Axol1tlTrigger' => module 1
INFO:  . adding L1_AXO_VLoose (421) to module 1
INFO: [*] applying condition constraint 'Axol1tlTrigger' => module 1
INFO:  . adding L1_AXO_VTight (425) to module 1
INFO: [*] applying condition constraint 'Axol1tlTrigger' => module 1
INFO:  . adding L1_AXO_VVTight (426) to module 1
INFO: [*] applying condition constraint 'Axol1tlTrigger' => module 1
INFO:  . adding L1_AXO_VVVTight (427) to module 1
INFO:  . adding L1_CICADA_Loose (429) to module 0
INFO:  . adding L1_CICADA_Medium (430) to module 4
INFO:  . adding L1_CICADA_Tight (431) to module 2
INFO:  . adding L1_CICADA_VLoose (428) to module 0
INFO:  . adding L1_CICADA_VTight (432) to module 4
INFO:  . adding L1_CICADA_VVTight (433) to module 3
INFO:  . adding L1_CICADA_VVVTight (434) to module 5
INFO:  . adding L1_CICADA_VVVVTight (435) to module 2
INFO:  . adding L1_ETM120 (398) to module 0
INFO:  . adding L1_ETM150 (399) to module 4
INFO:  . adding L1_ETMHF140 (407) to module 3
INFO:  . adding L1_ETMHF150 (408) to module 5
INFO:  . adding L1_ETT2000 (397) to module 2
INFO:  . adding L1_HTMHF100 (416) to module 0
INFO:  . adding L1_HTMHF120 (417) to module 4
INFO:  . adding L1_HTMHF125 (418) to module 3
INFO:  . adding L1_HTMHF130 (419) to module 5
INFO:  . adding L1_HTMHF150 (420) to module 2
INFO:  . adding L1_HTT255er (391) to module 0
INFO:  . adding L1_HTT360er (394) to module 4
INFO:  . adding L1_HTT400er (395) to module 3
INFO:  . adding L1_HTT450er (396) to module 5
INFO:  . adding L1_BPTX_AND_Ref1_VME (498) to module 2
INFO:  . adding L1_BPTX_AND_Ref3_VME (499) to module 0
INFO:  . adding L1_BPTX_AND_Ref4_VME (500) to module 4
INFO:  . adding L1_BPTX_BeamGas_B1_VME (503) to module 3
INFO:  . adding L1_BPTX_BeamGas_B2_VME (504) to module 5
INFO:  . adding L1_BPTX_BeamGas_Ref1_VME (501) to module 2
INFO:  . adding L1_BPTX_BeamGas_Ref2_VME (502) to module 0
INFO:  . adding L1_BPTX_NotOR_VME (494) to module 4
INFO:  . adding L1_BPTX_OR_Ref3_VME (495) to module 3
INFO:  . adding L1_BPTX_OR_Ref4_VME (496) to module 5
INFO:  . adding L1_BPTX_RefAND_VME (497) to module 2
INFO:  . adding L1_BptxMinus (481) to module 0
INFO:  +-- L1_BptxXOR shadowed ratio 50.0 %
INFO:  +--- L1_BptxPlus shadowed ratio 50.0 %
INFO:  ... adding shadowed L1_BptxPlus 480 to module 0
INFO:  ... adding shadowed L1_BptxXOR 479 to module 0
INFO:  . adding L1_FirstCollisionInOrbit (493) to module 4
INFO:  . adding L1_FirstCollisionInTrain (492) to module 3
INFO:  . adding L1_HCAL_LaserMon_Trig (506) to module 5
INFO:  . adding L1_HCAL_LaserMon_Veto (507) to module 2
INFO:  . adding L1_LastCollisionInTrain (491) to module 4
INFO:  . adding L1_SingleMuShower_Nominal (119) to module 3
INFO:  . adding L1_SingleMuShower_Tight (120) to module 5
INFO:  . adding L1_TOTEM_1 (508) to module 2
INFO:  . adding L1_TOTEM_2 (509) to module 4
INFO:  . adding L1_TOTEM_3 (510) to module 3
INFO:  . adding L1_TOTEM_4 (511) to module 5
INFO:  . adding L1_TwoMuShower_Loose (121) to module 2
INFO:  . adding L1_UnpairedBunchBptxMinus (483) to module 0
INFO:  . adding L1_UnpairedBunchBptxPlus (482) to module 4
INFO: |-----------------------------------------------------------------------------|
INFO: |                                                                             |
INFO: | Detailed distribition on 6 modules, shadow ratio: 0.0                       |
INFO: |                                                                             |
INFO: |------------|----------------------------------------------------------------|
INFO: | Module     | Algorithm                                                      |
INFO: | ID | Index | Index | Name                                                   |
INFO: |----|-------|-------|--------------------------------------------------------|
INFO: |  0 |     0 |   355 | L1_DoubleJet_65_35_DoubleJet35_Mass_Min600_Doub...     |
INFO: |  0 |     1 |   372 | L1_DoubleJet_70_35_DoubleJet35_Mass_Min700_ETMHF65     |
INFO: |  0 |     2 |   373 | L1_DoubleJet_70_35_DoubleJet35_Mass_Min800_ETMHF65     |
INFO: |  0 |     3 |   348 | L1_DoubleJet_110_35_DoubleJet35_Mass_Min1000           |
INFO: |  0 |     4 |   364 | L1_DoubleJet_85_35_DoubleJet35_Mass_Min600_Mu3OQ       |
INFO: |  0 |     5 |   349 | L1_DoubleJet_110_35_DoubleJet35_Mass_Min1100           |
INFO: |  0 |     6 |   365 | L1_DoubleJet_85_35_DoubleJet35_Mass_Min650_Mu3OQ       |
INFO: |  0 |     7 |   350 | L1_DoubleJet_110_35_DoubleJet35_Mass_Min1200           |
INFO: |  0 |     8 |   366 | L1_DoubleJet_85_35_DoubleJet35_Mass_Min700_Mu3OQ       |
INFO: |  0 |     9 |   346 | L1_DoubleJet_110_35_DoubleJet35_Mass_Min800            |
INFO: |  0 |    10 |   367 | L1_DoubleJet_85_35_DoubleJet35_Mass_Min800_Mu3OQ       |
INFO: |  0 |    11 |   347 | L1_DoubleJet_110_35_DoubleJet35_Mass_Min850            |
INFO: |  0 |    12 |   368 | L1_DoubleJet_85_35_DoubleJet35_Mass_Min900_Mu3OQ       |
INFO: |  0 |    13 |   356 | L1_DoubleJet_65_35_DoubleJet35_Mass_Min650_Doub...     |
INFO: |  0 |    14 |   357 | L1_DoubleJet_65_35_DoubleJet35_Mass_Min750_Doub...     |
INFO: |  0 |    15 |   358 | L1_DoubleJet_65_35_DoubleJet35_Mass_Min850_Doub...     |
INFO: |  0 |    16 |   359 | L1_DoubleJet_65_35_DoubleJet35_Mass_Min950_Doub...     |
INFO: |  0 |    17 |   369 | L1_DoubleJet_70_35_DoubleJet35_Mass_Min500_ETMHF65     |
INFO: |  0 |    18 |   370 | L1_DoubleJet_70_35_DoubleJet35_Mass_Min550_ETMHF65     |
INFO: |  0 |    19 |   371 | L1_DoubleJet_70_35_DoubleJet35_Mass_Min600_ETMHF65     |
INFO: |  0 |    20 |   257 | L1_LooseIsoEG22er2p1_IsoTau26er2p1_dR_Min0p3           |
INFO: |  0 |    21 |   144 | L1_DoubleJet120er2p5_Mu3_dR_Max0p8                     |
INFO: |  0 |    22 |   338 | L1_DoubleJet120er2p5                                   |
INFO: |  0 |    23 |   292 | L1_IsoTau52er2p1_QuadJet36er2p5                        |
INFO: |  0 |    24 |   384 | L1_HTT280er_QuadJet_70_55_40_35_er2p5                  |
INFO: |  0 |    25 |   387 | L1_HTT320er_QuadJet_80_60_er2p1_50_45_er2p3            |
INFO: |  0 |    26 |   249 | L1_DoubleEG8er2p5_HTT300er                             |
INFO: |  0 |    27 |   393 | L1_HTT320er                                            |
INFO: |  0 |    28 |   250 | L1_DoubleEG8er2p5_HTT320er                             |
INFO: |  0 |    29 |   385 | L1_HTT320er_QuadJet_70_55_40_40_er2p5                  |
INFO: |  0 |    30 |   392 | L1_HTT280er                                            |
INFO: |  0 |    31 |   248 | L1_DoubleEG8er2p5_HTT280er                             |
INFO: |  0 |    32 |   386 | L1_HTT320er_QuadJet_80_60_er2p1_45_40_er2p3            |
INFO: |  0 |    33 |   275 | L1_DoubleTau_Iso40_Iso26_er2p1_Jet55_RmOvlp_dR0p5      |
INFO: |  0 |    34 |    81 | L1_DoubleMu0er1p5_SQ_dR_Max1p4                         |
INFO: |  0 |    35 |   225 | L1_DoubleEG17_er1p5_dEta_Max1p5                        |
INFO: |  0 |    36 |   269 | L1_DoubleIsoTau32er2p1                                 |
INFO: |  0 |    37 |   272 | L1_DoubleIsoTau36er2p1                                 |
INFO: |  0 |    38 |   207 | L1_SingleIsoEG28er1p3to2p5                             |
INFO: |  0 |    39 |   177 | L1_SingleEG28er1p3                                     |
INFO: |  0 |    40 |   206 | L1_SingleIsoEG28er1p3                                  |
INFO: |  0 |    41 |   194 | L1_SingleLooseIsoEG28er1p3                             |
INFO: |  0 |    42 |   181 | L1_SingleEG28er2p5                                     |
INFO: |  0 |    43 |   210 | L1_SingleIsoEG28er2p5                                  |
INFO: |  0 |    44 |   198 | L1_SingleLooseIsoEG28er2p5                             |
INFO: |  0 |    45 |   178 | L1_SingleEG28er1p3to2p5                                |
INFO: |  0 |    46 |   195 | L1_SingleLooseIsoEG28er1p3to2p5                        |
INFO: |  0 |    47 |   179 | L1_SingleEG28er2p5to3p0                                |
INFO: |  0 |    48 |   208 | L1_SingleIsoEG28er2p5to3p0                             |
INFO: |  0 |    49 |   196 | L1_SingleLooseIsoEG28er2p5to3p0                        |
INFO: |  0 |    50 |   180 | L1_SingleEG28_FWD2p5                                   |
INFO: |  0 |    51 |   317 | L1_SingleJet35_FWD3p0                                  |
INFO: |  0 |    52 |   133 | L1_DoubleMu4_SQ_EG9er2p5                               |
INFO: |  0 |    53 |   134 | L1_DoubleMu5_SQ_EG9er2p5                               |
INFO: |  0 |    54 |    79 | L1_DoubleMu0er1p5_SQ                                   |
INFO: |  0 |    55 |   321 | L1_SingleJet12erHE                                     |
INFO: |  0 |    56 |   137 | L1_Mu3_Jet30er2p5                                      |
INFO: |  0 |    57 |    19 | L1_SingleMu3                                           |
INFO: |  0 |    58 |    98 | L1_TripleMu0_OQ                                        |
INFO: |  0 |    59 |   103 | L1_TripleMu_3SQ_2p5SQ_0                                |
INFO: |  0 |    60 |   241 | L1_LooseIsoEG14er2p5_HTT200er                          |
INFO: |  0 |    61 |   382 | L1_HTT200_SingleLLPJet60                               |
INFO: |  0 |    62 |   390 | L1_HTT200er                                            |
INFO: |  0 |    63 |   242 | L1_LooseIsoEG16er2p5_HTT200er                          |
INFO: |  0 |    64 |   201 | L1_SingleLooseIsoEG30er2p5                             |
INFO: |  0 |    65 |    45 | L1_SingleMu22_EMTF                                     |
INFO: |  0 |    66 |   176 | L1_SingleEG26er2p5                                     |
INFO: |  0 |    67 |   186 | L1_SingleEG38er2p5                                     |
INFO: |  0 |    68 |   462 | L1_SingleEG7er1p52                                     |
INFO: |  0 |    69 |   311 | L1_SingleJet160er2p5                                   |
INFO: |  0 |    70 |    16 | L1_SingleMu0_Upt10_BMTF                                |
INFO: |  0 |    71 |   263 | L1_SingleTau120er2p1                                   |
INFO: |  0 |    72 |    57 | L1_DoubleMu0                                           |
INFO: |  0 |    73 |    63 | L1_DoubleMu_12_5                                       |
INFO: |  0 |    74 |    12 | L1_SingleMu0_SQ13_BMTF                                 |
INFO: |  0 |    75 |    31 | L1_SingleMu11_SQ14_BMTF                                |
INFO: |  0 |    76 |    46 | L1_SingleMu22_BMTF_POS                                 |
INFO: |  0 |    77 |    24 | L1_SingleMu5_BMTF                                      |
INFO: |  0 |    78 |    29 | L1_SingleMu9_SQ14_BMTF                                 |
INFO: |  0 |    79 |     1 | L1_SingleMuCosmics_BMTF                                |
INFO: |  0 |    80 |   191 | L1_SingleEG60                                          |
INFO: |  0 |    81 |   302 | L1_SingleJet90                                         |
INFO: |  0 |    82 |    41 | L1_SingleMu22_DQ                                       |
INFO: |  0 |    83 |   429 | L1_CICADA_Loose                                        |
INFO: |  0 |    84 |   428 | L1_CICADA_VLoose                                       |
INFO: |  0 |    85 |   398 | L1_ETM120                                              |
INFO: |  0 |    86 |   416 | L1_HTMHF100                                            |
INFO: |  0 |    87 |   391 | L1_HTT255er                                            |
INFO: |  0 |    88 |   499 | L1_BPTX_AND_Ref3_VME                                   |
INFO: |  0 |    89 |   502 | L1_BPTX_BeamGas_Ref2_VME                               |
INFO: |  0 |    90 |   481 | L1_BptxMinus                                           |
INFO: |  0 |    91 |   480 | L1_BptxPlus                                            |
INFO: |  0 |    92 |   479 | L1_BptxXOR                                             |
INFO: |  0 |    93 |   483 | L1_UnpairedBunchBptxMinus                              |
INFO: |  1 |     0 |   351 | L1_DoubleJet45_Mass_Min550_IsoTau45er2p1_RmOvlp...     |
INFO: |  1 |     1 |   362 | L1_DoubleJet45_Mass_Min700_LooseIsoEG20er2p1_Rm...     |
INFO: |  1 |     2 |   342 | L1_DoubleJet30er2p5_Mass_Min225_dEta_Max1p5            |
INFO: |  1 |     3 |   345 | L1_DoubleJet30er2p5_Mass_Min330_dEta_Max1p5            |
INFO: |  1 |     4 |   154 | L1_Mu12er2p3_Jet40er2p3_dR_Max0p4_DoubleJet40er...     |
INFO: |  1 |     5 |   145 | L1_Mu3_Jet120er2p5_dR_Max0p4                           |
INFO: |  1 |     6 |   377 | L1_QuadJet_95_75_65_20_DoubleJet_75_65_er2p5_Je...     |
INFO: |  1 |     7 |   374 | L1_TripleJet_95_75_65_DoubleJet_75_65_er2p5            |
INFO: |  1 |     8 |   222 | L1_DoubleEG17_11_er1p2_dR_Max0p6                       |
INFO: |  1 |     9 |   276 | L1_DoubleTau_Iso34_Iso26_er2p1_Jet70_RmOvlp_dR0p5      |
INFO: |  1 |    10 |    95 | L1_DoubleMu4p5er2p0_SQ_OS_Mass_Min7                    |
INFO: |  1 |    11 |   223 | L1_DoubleEG15_er1p5_dEta_Max1p5                        |
INFO: |  1 |    12 |   159 | L1_DoubleMu3_SQ_ETMHF30_Jet60er2p5_OR_DoubleJet...     |
INFO: |  1 |    13 |   400 | L1_ETMHF70                                             |
INFO: |  1 |    14 |   161 | L1_DoubleMu3_SQ_ETMHF50_Jet60er2p5_OR_DoubleJet...     |
INFO: |  1 |    15 |   148 | L1_Mu3er1p5_Jet100er2p5_ETMHF50                        |
INFO: |  1 |    16 |   409 | L1_ETMHF70_HTT60er                                     |
INFO: |  1 |    17 |   163 | L1_DoubleMu3_SQ_ETMHF60_Jet60er2p5                     |
INFO: |  1 |    18 |   401 | L1_ETMHF80                                             |
INFO: |  1 |    19 |   164 | L1_DoubleMu3_SQ_HTT220er                               |
INFO: |  1 |    20 |   410 | L1_ETMHF80_HTT60er                                     |
INFO: |  1 |    21 |   328 | L1_ETMHF80_SingleJet55er2p5_dPhi_Min2p1                |
INFO: |  1 |    22 |   403 | L1_ETMHF100                                            |
INFO: |  1 |    23 |   329 | L1_ETMHF80_SingleJet55er2p5_dPhi_Min2p6                |
INFO: |  1 |    24 |   412 | L1_ETMHF100_HTT60er                                    |
INFO: |  1 |    25 |   336 | L1_DoubleJet40er2p5                                    |
INFO: |  1 |    26 |   301 | L1_SingleJet60                                         |
INFO: |  1 |    27 |   402 | L1_ETMHF90                                             |
INFO: |  1 |    28 |   404 | L1_ETMHF110                                            |
INFO: |  1 |    29 |   411 | L1_ETMHF90_HTT60er                                     |
INFO: |  1 |    30 |   413 | L1_ETMHF110_HTT60er                                    |
INFO: |  1 |    31 |   297 | L1_SingleJet60er1p3                                    |
INFO: |  1 |    32 |   330 | L1_ETMHF90_SingleJet60er2p5_dPhi_Min2p1                |
INFO: |  1 |    33 |   405 | L1_ETMHF120                                            |
INFO: |  1 |    34 |   156 | L1_DoubleMu3_SQ_ETMHF30_HTT60er                        |
INFO: |  1 |    35 |   298 | L1_SingleJet60er1p3to2p5                               |
INFO: |  1 |    36 |   331 | L1_ETMHF90_SingleJet60er2p5_dPhi_Min2p6                |
INFO: |  1 |    37 |   414 | L1_ETMHF120_HTT60er                                    |
INFO: |  1 |    38 |   299 | L1_SingleJet60er2p5to3p0                               |
INFO: |  1 |    39 |   406 | L1_ETMHF130                                            |
INFO: |  1 |    40 |   157 | L1_DoubleMu3_SQ_ETMHF40_HTT60er                        |
INFO: |  1 |    41 |   300 | L1_SingleJet60er3p0to5p0                               |
INFO: |  1 |    42 |   415 | L1_ETMHF130_HTT60er                                    |
INFO: |  1 |    43 |   160 | L1_DoubleMu3_SQ_ETMHF40_Jet60er2p5_OR_DoubleJet...     |
INFO: |  1 |    44 |   158 | L1_DoubleMu3_SQ_ETMHF50_HTT60er                        |
INFO: |  1 |    45 |   146 | L1_Mu3er1p5_Jet100er2p5_ETMHF30                        |
INFO: |  1 |    46 |   162 | L1_DoubleMu3_SQ_ETMHF50_Jet60er2p5                     |
INFO: |  1 |    47 |   147 | L1_Mu3er1p5_Jet100er2p5_ETMHF40                        |
INFO: |  1 |    48 |   118 | L1_QuadMu0_SQ                                          |
INFO: |  1 |    49 |    94 | L1_DoubleMu4p5er2p0_SQ_OS                              |
INFO: |  1 |    50 |   320 | L1_SingleJet10erHE                                     |
INFO: |  1 |    51 |   125 | L1_Mu20_EG10er2p5                                      |
INFO: |  1 |    52 |    39 | L1_SingleMu20                                          |
INFO: |  1 |    53 |   174 | L1_SingleEG10er2p5                                     |
INFO: |  1 |    54 |   100 | L1_TripleMu0_SQ                                        |
INFO: |  1 |    55 |   107 | L1_TripleMu_5_3_3                                      |
INFO: |  1 |    56 |   203 | L1_SingleIsoEG24er2p1                                  |
INFO: |  1 |    57 |   211 | L1_SingleIsoEG28er2p1                                  |
INFO: |  1 |    58 |   215 | L1_SingleIsoEG32er2p5                                  |
INFO: |  1 |    59 |   200 | L1_SingleLooseIsoEG28er1p5                             |
INFO: |  1 |    60 |    10 | L1_SingleMu0_OMTF                                      |
INFO: |  1 |    61 |     7 | L1_SingleMuOpen_EMTF                                   |
INFO: |  1 |    62 |   182 | L1_SingleEG28er2p1                                     |
INFO: |  1 |    63 |   188 | L1_SingleEG42er2p5                                     |
INFO: |  1 |    64 |   308 | L1_SingleJet120er1p3                                   |
INFO: |  1 |    65 |   306 | L1_SingleJet35er1p3                                    |
INFO: |  1 |    66 |    54 | L1_SingleMu0_Upt20_SQ14_BMTF                           |
INFO: |  1 |    67 |    59 | L1_DoubleMu0_SQ_OS                                     |
INFO: |  1 |    68 |    58 | L1_DoubleMu0_SQ                                        |
INFO: |  1 |    69 |    65 | L1_DoubleMu_15_7                                       |
INFO: |  1 |    70 |    14 | L1_SingleMu0_SQ15_BMTF                                 |
INFO: |  1 |    71 |    43 | L1_SingleMu22_BMTF                                     |
INFO: |  1 |    72 |    49 | L1_SingleMu22_OMTF_NEG                                 |
INFO: |  1 |    73 |    27 | L1_SingleMu7_SQ14_BMTF                                 |
INFO: |  1 |    74 |   381 | L1_HTT160_SingleLLPJet50                               |
INFO: |  1 |    75 |   389 | L1_HTT160er                                            |
INFO: |  1 |    76 |   304 | L1_SingleJet180                                        |
INFO: |  1 |    77 |    37 | L1_SingleMu15_DQ                                       |
INFO: |  1 |    78 |    52 | L1_SingleMu25                                          |
INFO: |  1 |    79 |   422 | L1_AXO_Loose                                           |
INFO: |  1 |    80 |   423 | L1_AXO_Medium                                          |
INFO: |  1 |    81 |   424 | L1_AXO_Tight                                           |
INFO: |  1 |    82 |   421 | L1_AXO_VLoose                                          |
INFO: |  1 |    83 |   425 | L1_AXO_VTight                                          |
INFO: |  1 |    84 |   426 | L1_AXO_VVTight                                         |
INFO: |  1 |    85 |   427 | L1_AXO_VVVTight                                        |
INFO: |  2 |     0 |   360 | L1_DoubleJet45_Mass_Min550_LooseIsoEG20er2p1_Rm...     |
INFO: |  2 |     1 |   354 | L1_DoubleJet45_Mass_Min800_IsoTau45er2p1_RmOvlp...     |
INFO: |  2 |     2 |   343 | L1_DoubleJet30er2p5_Mass_Min250_dEta_Max1p5            |
INFO: |  2 |     3 |   155 | L1_DoubleMu0_dR_Max1p6_Jet90er2p5_dR_Max0p8            |
INFO: |  2 |     4 |   220 | L1_DoubleEG15_11_er1p2_dR_Max0p6                       |
INFO: |  2 |     5 |   278 | L1_DoubleTau_Iso34_Iso23_er2p1_Jet70_RmOvlp_dR0p5      |
INFO: |  2 |     6 |   112 | L1_TripleMu_5_3p5_2p5_DoubleMu_5_2p5_OS_Mass_5to17     |
INFO: |  2 |     7 |   106 | L1_TripleMu_5_3p5_2p5                                  |
INFO: |  2 |     8 |   113 | L1_TripleMu_5_4_2p5_DoubleMu_5_2p5_OS_Mass_5to17       |
INFO: |  2 |     9 |   104 | L1_TripleMu_3SQ_2p5SQ_0_Mass_Max12                     |
INFO: |  2 |    10 |    90 | L1_DoubleMu4_SQ_OS_dR_Max1p2                           |
INFO: |  2 |    11 |   218 | L1_IsoEG32er2p5_Mt40                                   |
INFO: |  2 |    12 |   341 | L1_DoubleJet112er2p3_dEta_Max1p6                       |
INFO: |  2 |    13 |    87 | L1_DoubleMu0er2p0_SQ_OS_dEta_Max0p3_dPhi_0p8to1p2      |
INFO: |  2 |    14 |   235 | L1_DoubleEG_LooseIso18_LooseIso12_er1p5                |
INFO: |  2 |    15 |   237 | L1_DoubleEG_LooseIso22_LooseIso12_er1p5                |
INFO: |  2 |    16 |   267 | L1_DoubleIsoTau28er2p1                                 |
INFO: |  2 |    17 |   270 | L1_DoubleIsoTau34er2p1                                 |
INFO: |  2 |    18 |   239 | L1_DoubleLooseIsoEG22er2p1                             |
INFO: |  2 |    19 |   197 | L1_SingleLooseIsoEG28_FWD2p5                           |
INFO: |  2 |    20 |   233 | L1_DoubleEG_LooseIso25_12_er2p5                        |
INFO: |  2 |    21 |   470 | L1_DoubleEG2er2p13                                     |
INFO: |  2 |    22 |   438 | L1_SingleMuOpen_er1p1_NotBptxOR_3BX                    |
INFO: |  2 |    23 |   489 | L1_LastBunchInTrain                                    |
INFO: |  2 |    24 |   460 | L1_SingleEG7                                           |
INFO: |  2 |    25 |   449 | L1_SingleJet8er1p3_BptxAND                             |
INFO: |  2 |    26 |   437 | L1_SingleMuOpen_er1p4_NotBptxOR_3BX                    |
INFO: |  2 |    27 |   458 | L1_SingleEG7_BptxAND                                   |
INFO: |  2 |    28 |   478 | L1_BptxOR                                              |
INFO: |  2 |    29 |   446 | L1_SingleJet16_BptxAND                                 |
INFO: |  2 |    30 |   472 | L1_AlwaysTrue                                          |
INFO: |  2 |    31 |   451 | L1_SingleJet16er1p3_BptxAND                            |
INFO: |  2 |    32 |   441 | L1_SingleJet43er2p5_NotBptxOR_3BX                      |
INFO: |  2 |    33 |   442 | L1_SingleJet46er2p5_NotBptxOR_3BX                      |
INFO: |  2 |    34 |   469 | L1_DoubleEG2                                           |
INFO: |  2 |    35 |   473 | L1_ZeroBias                                            |
INFO: |  2 |    36 |   487 | L1_SecondBunchInTrain                                  |
INFO: |  2 |    37 |   463 | L1_DoubleEG2_BptxAND                                   |
INFO: |  2 |    38 |   474 | L1_ZeroBias_copy                                       |
INFO: |  2 |    39 |   488 | L1_SecondLastBunchInTrain                              |
INFO: |  2 |    40 |   447 | L1_SingleJet20_BptxAND                                 |
INFO: |  2 |    41 |   476 | L1_MinimumBiasHF0                                      |
INFO: |  2 |    42 |   452 | L1_SingleJet20er1p3_BptxAND                            |
INFO: |  2 |    43 |   475 | L1_MinimumBiasHF0_AND_BptxAND                          |
INFO: |  2 |    44 |   464 | L1_DoubleEG2er2p13_BptxAND                             |
INFO: |  2 |    45 |   439 | L1_SingleJet20er2p5_NotBptxOR                          |
INFO: |  2 |    46 |     4 | L1_SingleMuOpen                                        |
INFO: |  2 |    47 |   465 | L1_DoubleEG3_BptxAND                                   |
INFO: |  2 |    48 |   459 | L1_SingleEG5                                           |
INFO: |  2 |    49 |   440 | L1_SingleJet20er2p5_NotBptxOR_3BX                      |
INFO: |  2 |    50 |   466 | L1_DoubleEG3er2p13_BptxAND                             |
INFO: |  2 |    51 |   490 | L1_FirstBunchAfterTrain                                |
INFO: |  2 |    52 |   448 | L1_SingleJet24_BptxAND                                 |
INFO: |  2 |    53 |   445 | L1_SingleJet12_BptxAND                                 |
INFO: |  2 |    54 |   467 | L1_DoubleEG4_BptxAND                                   |
INFO: |  2 |    55 |   457 | L1_SingleEG5_BptxAND                                   |
INFO: |  2 |    56 |   485 | L1_FirstBunchBeforeTrain                               |
INFO: |  2 |    57 |   454 | L1_SingleJet8                                          |
INFO: |  2 |    58 |   453 | L1_SingleJet24er1p3_BptxAND                            |
INFO: |  2 |    59 |   436 | L1_SingleMuOpen_NotBptxOR                              |
INFO: |  2 |    60 |   450 | L1_SingleJet12er1p3_BptxAND                            |
INFO: |  2 |    61 |   468 | L1_DoubleEG4er2p13_BptxAND                             |
INFO: |  2 |    62 |   486 | L1_FirstBunchInTrain                                   |
INFO: |  2 |    63 |   444 | L1_SingleJet8_BptxAND                                  |
INFO: |  2 |    64 |   484 | L1_IsolatedBunch                                       |
INFO: |  2 |    65 |   477 | L1_NotBptxOR                                           |
INFO: |  2 |    66 |   455 | L1_SingleJet8er1p3                                     |
INFO: |  2 |    67 |   431 | L1_CICADA_Tight                                        |
INFO: |  2 |    68 |   435 | L1_CICADA_VVVVTight                                    |
INFO: |  2 |    69 |   397 | L1_ETT2000                                             |
INFO: |  2 |    70 |   420 | L1_HTMHF150                                            |
INFO: |  2 |    71 |   498 | L1_BPTX_AND_Ref1_VME                                   |
INFO: |  2 |    72 |   501 | L1_BPTX_BeamGas_Ref1_VME                               |
INFO: |  2 |    73 |   497 | L1_BPTX_RefAND_VME                                     |
INFO: |  2 |    74 |   507 | L1_HCAL_LaserMon_Veto                                  |
INFO: |  2 |    75 |   508 | L1_TOTEM_1                                             |
INFO: |  2 |    76 |   121 | L1_TwoMuShower_Loose                                   |
INFO: |  3 |     0 |   352 | L1_DoubleJet45_Mass_Min600_IsoTau45er2p1_RmOvlp...     |
INFO: |  3 |     1 |   363 | L1_DoubleJet45_Mass_Min800_LooseIsoEG20er2p1_Rm...     |
INFO: |  3 |     2 |   344 | L1_DoubleJet30er2p5_Mass_Min300_dEta_Max1p5            |
INFO: |  3 |     3 |   153 | L1_Mu10er2p3_Jet32er2p3_dR_Max0p4_DoubleJet32er...     |
INFO: |  3 |     4 |   142 | L1_DoubleJet60er2p5_Mu3_dR_Max0p4                      |
INFO: |  3 |     5 |   141 | L1_Mu3_Jet60er2p5_dR_Max0p4                            |
INFO: |  3 |     6 |   143 | L1_DoubleJet80er2p5_Mu3_dR_Max0p4                      |
INFO: |  3 |     7 |   138 | L1_Mu3_Jet16er2p5_dR_Max0p4                            |
INFO: |  3 |     8 |   221 | L1_DoubleEG16_11_er1p2_dR_Max0p6                       |
INFO: |  3 |     9 |   273 | L1_DoubleTau_Iso34_Iso26_er2p1_Jet55_RmOvlp_dR0p5      |
INFO: |  3 |    10 |    96 | L1_DoubleMu4p5er2p0_SQ_OS_Mass_7to18                   |
INFO: |  3 |    11 |   505 | L1_CDC_SingleMu_3_er1p2_TOP120_DPHI2p618_3p142         |
INFO: |  3 |    12 |    71 | L1_DoubleMu0_Upt7_SQ_er2p0                             |
INFO: |  3 |    13 |   316 | L1_SingleJet120_FWD2p5                                 |
INFO: |  3 |    14 |   314 | L1_SingleJet60_FWD2p5                                  |
INFO: |  3 |    15 |   117 | L1_QuadMu0                                             |
INFO: |  3 |    16 |   126 | L1_Mu5_LooseIsoEG20er2p5                               |
INFO: |  3 |    17 |   124 | L1_Mu7_EG23er2p5                                       |
INFO: |  3 |    18 |    22 | L1_SingleMu7                                           |
INFO: |  3 |    19 |   127 | L1_Mu7_LooseIsoEG20er2p5                               |
INFO: |  3 |    20 |   122 | L1_Mu5_EG23er2p5                                       |
INFO: |  3 |    21 |   128 | L1_Mu7_LooseIsoEG23er2p5                               |
INFO: |  3 |    22 |   123 | L1_Mu7_EG20er2p5                                       |
INFO: |  3 |    23 |    20 | L1_SingleMu5                                           |
INFO: |  3 |    24 |   205 | L1_SingleIsoEG26er2p1                                  |
INFO: |  3 |    25 |   214 | L1_SingleIsoEG30er2p1                                  |
INFO: |  3 |    26 |   217 | L1_SingleIsoEG34er2p5                                  |
INFO: |  3 |    27 |   199 | L1_SingleLooseIsoEG28er2p1                             |
INFO: |  3 |    28 |    36 | L1_SingleMu12_DQ_EMTF                                  |
INFO: |  3 |    29 |     6 | L1_SingleMuOpen_OMTF                                   |
INFO: |  3 |    30 |   184 | L1_SingleEG34er2p5                                     |
INFO: |  3 |    31 |   189 | L1_SingleEG45er2p5                                     |
INFO: |  3 |    32 |   309 | L1_SingleJet120er2p5                                   |
INFO: |  3 |    33 |   307 | L1_SingleJet35er2p5                                    |
INFO: |  3 |    34 |     3 | L1_SingleMuCosmics_EMTF                                |
INFO: |  3 |    35 |    89 | L1_DoubleMu4_SQ_OS                                     |
INFO: |  3 |    36 |    61 | L1_DoubleMu8_SQ                                        |
INFO: |  3 |    37 |    66 | L1_DoubleMu_15_7_SQ                                    |
INFO: |  3 |    38 |    34 | L1_SingleMu12_DQ_BMTF                                  |
INFO: |  3 |    39 |    51 | L1_SingleMu22_EMTF_NEG                                 |
INFO: |  3 |    40 |    25 | L1_SingleMu5_SQ14_BMTF                                 |
INFO: |  3 |    41 |     5 | L1_SingleMuOpen_BMTF                                   |
INFO: |  3 |    42 |   151 | L1_Mu12_HTT150er                                       |
INFO: |  3 |    43 |   152 | L1_Mu14_HTT150er                                       |
INFO: |  3 |    44 |   305 | L1_SingleJet200                                        |
INFO: |  3 |    45 |    38 | L1_SingleMu18                                          |
INFO: |  3 |    46 |    21 | L1_SingleMu7_DQ                                        |
INFO: |  3 |    47 |   433 | L1_CICADA_VVTight                                      |
INFO: |  3 |    48 |   407 | L1_ETMHF140                                            |
INFO: |  3 |    49 |   418 | L1_HTMHF125                                            |
INFO: |  3 |    50 |   395 | L1_HTT400er                                            |
INFO: |  3 |    51 |   503 | L1_BPTX_BeamGas_B1_VME                                 |
INFO: |  3 |    52 |   495 | L1_BPTX_OR_Ref3_VME                                    |
INFO: |  3 |    53 |   492 | L1_FirstCollisionInTrain                               |
INFO: |  3 |    54 |   119 | L1_SingleMuShower_Nominal                              |
INFO: |  3 |    55 |   510 | L1_TOTEM_3                                             |
INFO: |  4 |     0 |   361 | L1_DoubleJet45_Mass_Min600_LooseIsoEG20er2p1_Rm...     |
INFO: |  4 |     1 |   135 | L1_DoubleMu3_OS_er2p3_Mass_Max14_DoubleEG7p5_er...     |
INFO: |  4 |     2 |   258 | L1_LooseIsoEG24er2p1_IsoTau27er2p1_dR_Min0p3           |
INFO: |  4 |     3 |   140 | L1_DoubleJet35er2p5_Mu3_dR_Max0p4                      |
INFO: |  4 |     4 |   277 | L1_DoubleTau_Iso34_Iso23_er2p1_Jet55_RmOvlp_dR0p5      |
INFO: |  4 |     5 |   114 | L1_TripleMu_5SQ_3SQ_0OQ_DoubleMu_5_3_SQ_OS_Mass...     |
INFO: |  4 |     6 |   115 | L1_TripleMu_5SQ_3SQ_0_DoubleMu_5_3_SQ_OS_Mass_Max9     |
INFO: |  4 |     7 |   105 | L1_TripleMu_5SQ_3SQ_0OQ                                |
INFO: |  4 |     8 |    67 | L1_DoubleMu_15_7_Mass_Min1                             |
INFO: |  4 |     9 |    82 | L1_DoubleMu0er1p5_SQ_OS_dR_Max1p4                      |
INFO: |  4 |    10 |    91 | L1_DoubleMu4er2p0_SQ_OS_dR_Max1p6                      |
INFO: |  4 |    11 |   111 | L1_TripleMu_4SQ_2p5SQ_0_OS_Mass_Max12                  |
INFO: |  4 |    12 |    97 | L1_DoubleMu5_SQ_OS_dR_Max1p6                           |
INFO: |  4 |    13 |   340 | L1_DoubleJet100er2p3_dEta_Max1p6                       |
INFO: |  4 |    14 |    85 | L1_DoubleMu0er1p4_SQ_OS_dEta_Max1p2                    |
INFO: |  4 |    15 |    78 | L1_DoubleMu0er2p0_SQ_OS_dEta_Max1p5                    |
INFO: |  4 |    16 |    75 | L1_DoubleMu0er2p0_SQ_dEta_Max1p6                       |
INFO: |  4 |    17 |   376 | L1_TripleJet_105_85_75_DoubleJet_85_75_er2p5           |
INFO: |  4 |    18 |   234 | L1_DoubleEG_LooseIso16_LooseIso12_er1p5                |
INFO: |  4 |    19 |   236 | L1_DoubleEG_LooseIso20_LooseIso12_er1p5                |
INFO: |  4 |    20 |   238 | L1_DoubleEG_LooseIso25_LooseIso12_er1p5                |
INFO: |  4 |    21 |   268 | L1_DoubleIsoTau30er2p1                                 |
INFO: |  4 |    22 |   271 | L1_DoubleIsoTau35er2p1                                 |
INFO: |  4 |    23 |   240 | L1_DoubleLooseIsoEG24er2p1                             |
INFO: |  4 |    24 |   281 | L1_Mu18er2p1_Tau26er2p1_Jet55                          |
INFO: |  4 |    25 |   279 | L1_Mu18er2p1_Tau24er2p1                                |
INFO: |  4 |    26 |   280 | L1_Mu18er2p1_Tau26er2p1                                |
INFO: |  4 |    27 |   282 | L1_Mu18er2p1_Tau26er2p1_Jet70                          |
INFO: |  4 |    28 |   227 | L1_DoubleEG_20_10_er2p5                                |
INFO: |  4 |    29 |   229 | L1_DoubleEG_25_12_er2p5                                |
INFO: |  4 |    30 |   231 | L1_DoubleEG_27_14_er2p5                                |
INFO: |  4 |    31 |   339 | L1_DoubleJet150er2p5                                   |
INFO: |  4 |    32 |    69 | L1_DoubleMu0_Upt5_Upt5                                 |
INFO: |  4 |    33 |    72 | L1_DoubleMu0_Upt8_SQ_er2p0                             |
INFO: |  4 |    34 |   318 | L1_SingleJet120_FWD3p0                                 |
INFO: |  4 |    35 |   315 | L1_SingleJet90_FWD2p5                                  |
INFO: |  4 |    36 |   116 | L1_QuadMu0_OQ                                          |
INFO: |  4 |    37 |    80 | L1_DoubleMu0er1p5_SQ_OS                                |
INFO: |  4 |    38 |    68 | L1_DoubleMu18er2p1_SQ                                  |
INFO: |  4 |    39 |   319 | L1_SingleJet8erHE                                      |
INFO: |  4 |    40 |    18 | L1_SingleMu0_Upt10_EMTF                                |
INFO: |  4 |    41 |    99 | L1_TripleMu0                                           |
INFO: |  4 |    42 |   102 | L1_TripleMu3_SQ                                        |
INFO: |  4 |    43 |   109 | L1_TripleMu_5_5_3                                      |
INFO: |  4 |    44 |   212 | L1_SingleIsoEG28er1p5                                  |
INFO: |  4 |    45 |   216 | L1_SingleIsoEG32er2p1                                  |
INFO: |  4 |    46 |   192 | L1_SingleLooseIsoEG26er2p5                             |
INFO: |  4 |    47 |    11 | L1_SingleMu0_EMTF                                      |
INFO: |  4 |    48 |    44 | L1_SingleMu22_OMTF                                     |
INFO: |  4 |    49 |   183 | L1_SingleEG28er1p5                                     |
INFO: |  4 |    50 |   187 | L1_SingleEG40er2p5                                     |
INFO: |  4 |    51 |   173 | L1_SingleEG8er2p5                                      |
INFO: |  4 |    52 |   312 | L1_SingleJet180er2p5                                   |
INFO: |  4 |    53 |    53 | L1_SingleMu0_Upt15_SQ14_BMTF                           |
INFO: |  4 |    54 |   264 | L1_SingleTau130er2p1                                   |
INFO: |  4 |    55 |    56 | L1_DoubleMu0_OQ                                        |
INFO: |  4 |    56 |    64 | L1_DoubleMu_15_5_SQ                                    |
INFO: |  4 |    57 |    13 | L1_SingleMu0_SQ14_BMTF                                 |
INFO: |  4 |    58 |    32 | L1_SingleMu13_SQ14_BMTF                                |
INFO: |  4 |    59 |    50 | L1_SingleMu22_EMTF_POS                                 |
INFO: |  4 |    60 |    26 | L1_SingleMu6_SQ14_BMTF                                 |
INFO: |  4 |    61 |   380 | L1_HTT120_SingleLLPJet40                               |
INFO: |  4 |    62 |   388 | L1_HTT120er                                            |
INFO: |  4 |    63 |   303 | L1_SingleJet120                                        |
INFO: |  4 |    64 |     8 | L1_SingleMu0_DQ                                        |
INFO: |  4 |    65 |    40 | L1_SingleMu22_OQ                                       |
INFO: |  4 |    66 |   430 | L1_CICADA_Medium                                       |
INFO: |  4 |    67 |   432 | L1_CICADA_VTight                                       |
INFO: |  4 |    68 |   399 | L1_ETM150                                              |
INFO: |  4 |    69 |   417 | L1_HTMHF120                                            |
INFO: |  4 |    70 |   394 | L1_HTT360er                                            |
INFO: |  4 |    71 |   500 | L1_BPTX_AND_Ref4_VME                                   |
INFO: |  4 |    72 |   494 | L1_BPTX_NotOR_VME                                      |
INFO: |  4 |    73 |   493 | L1_FirstCollisionInOrbit                               |
INFO: |  4 |    74 |   491 | L1_LastCollisionInTrain                                |
INFO: |  4 |    75 |   509 | L1_TOTEM_2                                             |
INFO: |  4 |    76 |   482 | L1_UnpairedBunchBptxPlus                               |
INFO: |  5 |     0 |   353 | L1_DoubleJet45_Mass_Min700_IsoTau45er2p1_RmOvlp...     |
INFO: |  5 |     1 |   136 | L1_DoubleMu5_OS_er2p3_Mass_8to14_DoubleEG3er2p1...     |
INFO: |  5 |     2 |   259 | L1_LooseIsoEG22er2p1_Tau70er2p1_dR_Min0p3              |
INFO: |  5 |     3 |   139 | L1_DoubleJet16er2p5_Mu3_dR_Max0p4                      |
INFO: |  5 |     4 |   378 | L1_QuadJet60er2p5                                      |
INFO: |  5 |     5 |   274 | L1_DoubleTau_Iso38_Iso26_er2p1_Jet55_RmOvlp_dR0p5      |
INFO: |  5 |     6 |    60 | L1_DoubleMu0_Mass_Min1                                 |
INFO: |  5 |     7 |    84 | L1_DoubleMu0er1p4_SQ_OS_dR_Max1p4                      |
INFO: |  5 |     8 |    88 | L1_DoubleMu3er2p0_SQ_OS_dR_Max1p6                      |
INFO: |  5 |     9 |   110 | L1_TripleMu_3SQ_2p5SQ_0_OS_Mass_Max12                  |
INFO: |  5 |    10 |    93 | L1_DoubleMu4p5_SQ_OS_dR_Max1p2                         |
INFO: |  5 |    11 |   224 | L1_DoubleEG16_er1p5_dEta_Max1p5                        |
INFO: |  5 |    12 |    86 | L1_DoubleMu0er1p4_OQ_OS_dEta_Max1p6                    |
INFO: |  5 |    13 |    83 | L1_DoubleMu0er1p5_SQ_OS_dEta_Max1p2                    |
INFO: |  5 |    14 |    76 | L1_DoubleMu0er2p0_SQ_dEta_Max1p5                       |
INFO: |  5 |    15 |   375 | L1_TripleJet_100_80_70_DoubleJet_80_70_er2p5           |
INFO: |  5 |    16 |   129 | L1_Mu6_DoubleEG10er2p5                                 |
INFO: |  5 |    17 |   383 | L1_HTT240_SingleLLPJet70                               |
INFO: |  5 |    18 |   149 | L1_Mu6_HTT240er                                        |
INFO: |  5 |    19 |   130 | L1_Mu6_DoubleEG12er2p5                                 |
INFO: |  5 |    20 |   150 | L1_Mu6_HTT250er                                        |
INFO: |  5 |    21 |   131 | L1_Mu6_DoubleEG15er2p5                                 |
INFO: |  5 |    22 |   132 | L1_Mu6_DoubleEG17er2p5                                 |
INFO: |  5 |    23 |   209 | L1_SingleIsoEG28_FWD2p5                                |
INFO: |  5 |    24 |   232 | L1_DoubleEG_LooseIso22_12_er2p5                        |
INFO: |  5 |    25 |    73 | L1_DoubleMu0_Upt6_IP_Min1_Upt4                         |
INFO: |  5 |    26 |   226 | L1_DoubleEG_15_10_er2p5                                |
INFO: |  5 |    27 |   228 | L1_DoubleEG_22_10_er2p5                                |
INFO: |  5 |    28 |   230 | L1_DoubleEG_25_14_er2p5                                |
INFO: |  5 |    29 |   337 | L1_DoubleJet100er2p5                                   |
INFO: |  5 |    30 |    74 | L1_DoubleMu0_Upt15_Upt7                                |
INFO: |  5 |    31 |    70 | L1_DoubleMu0_Upt6_SQ_er2p0                             |
INFO: |  5 |    32 |   266 | L1_DoubleTau70er2p1                                    |
INFO: |  5 |    33 |   313 | L1_SingleJet35_FWD2p5                                  |
INFO: |  5 |    34 |   286 | L1_Mu22er2p1_IsoTau30er2p1                             |
INFO: |  5 |    35 |   290 | L1_Mu22er2p1_IsoTau40er2p1                             |
INFO: |  5 |    36 |   291 | L1_Mu22er2p1_Tau70er2p1                                |
INFO: |  5 |    37 |   287 | L1_Mu22er2p1_IsoTau32er2p1                             |
INFO: |  5 |    38 |   288 | L1_Mu22er2p1_IsoTau34er2p1                             |
INFO: |  5 |    39 |   379 | L1_DoubleLLPJet40                                      |
INFO: |  5 |    40 |    17 | L1_SingleMu0_Upt10_OMTF                                |
INFO: |  5 |    41 |   101 | L1_TripleMu3                                           |
INFO: |  5 |    42 |   108 | L1_TripleMu_5_3_3_SQ                                   |
INFO: |  5 |    43 |   204 | L1_SingleIsoEG26er2p5                                  |
INFO: |  5 |    44 |   213 | L1_SingleIsoEG30er2p5                                  |
INFO: |  5 |    45 |   193 | L1_SingleLooseIsoEG26er1p5                             |
INFO: |  5 |    46 |   202 | L1_SingleLooseIsoEG30er1p5                             |
INFO: |  5 |    47 |    35 | L1_SingleMu12_DQ_OMTF                                  |
INFO: |  5 |    48 |   175 | L1_SingleEG15er2p5                                     |
INFO: |  5 |    49 |   185 | L1_SingleEG36er2p5                                     |
INFO: |  5 |    50 |   461 | L1_SingleEG5er1p52                                     |
INFO: |  5 |    51 |   310 | L1_SingleJet140er2p5                                   |
INFO: |  5 |    52 |   456 | L1_SingleJet8er2p13                                    |
INFO: |  5 |    53 |     2 | L1_SingleMuCosmics_OMTF                                |
INFO: |  5 |    54 |    92 | L1_DoubleMu4p5_SQ_OS                                   |
INFO: |  5 |    55 |    62 | L1_DoubleMu9_SQ                                        |
INFO: |  5 |    56 |     9 | L1_SingleMu0_BMTF                                      |
INFO: |  5 |    57 |    30 | L1_SingleMu10_SQ14_BMTF                                |
INFO: |  5 |    58 |    47 | L1_SingleMu22_BMTF_NEG                                 |
INFO: |  5 |    59 |    48 | L1_SingleMu22_OMTF_POS                                 |
INFO: |  5 |    60 |    28 | L1_SingleMu8_SQ14_BMTF                                 |
INFO: |  5 |    61 |    15 | L1_SingleMu0_Upt10                                     |
INFO: |  5 |    62 |   190 | L1_SingleEG50                                          |
INFO: |  5 |    63 |   296 | L1_SingleJet35                                         |
INFO: |  5 |    64 |    42 | L1_SingleMu22                                          |
INFO: |  5 |    65 |     0 | L1_SingleMuCosmics                                     |
INFO: |  5 |    66 |   434 | L1_CICADA_VVVTight                                     |
INFO: |  5 |    67 |   408 | L1_ETMHF150                                            |
INFO: |  5 |    68 |   419 | L1_HTMHF130                                            |
INFO: |  5 |    69 |   396 | L1_HTT450er                                            |
INFO: |  5 |    70 |   504 | L1_BPTX_BeamGas_B2_VME                                 |
INFO: |  5 |    71 |   496 | L1_BPTX_OR_Ref4_VME                                    |
INFO: |  5 |    72 |   506 | L1_HCAL_LaserMon_Trig                                  |
INFO: |  5 |    73 |   120 | L1_SingleMuShower_Tight                                |
INFO: |  5 |    74 |   511 | L1_TOTEM_4                                             |
INFO: |----|-------|-------|--------------------------------------------------------|
INFO: |-----------------------------------------------------------------------------|
INFO: |                                                                             |
INFO: | Condition distribution, sorted by weight (descending)                       |
INFO: |                                                                             |
INFO: |-----------------------------------------------------------------------------|
INFO: |-----------------------------------------------------------------------------------|
INFO: | Name                                             | Modules | sLUTs | DSPs | BRAMs |
INFO: |--------------------------------------------------|---------|-------|------|-------|
INFO: | InvariantMassOvRm_i346                           | 1       | 5307  | 0    | 0     |
INFO: | InvariantMassOvRm_i369                           | 2       | 5307  | 0    | 0     |
INFO: | InvariantMassOvRm_i378                           | 3       | 5307  | 0    | 0     |
INFO: | InvariantMassOvRm_i380                           | 4       | 5307  | 0    | 0     |
INFO: | InvariantMassOvRm_i436                           | 5       | 5307  | 0    | 0     |
INFO: | InvariantMassOvRm_i437                           | 2       | 5307  | 0    | 0     |
INFO: | InvariantMassOvRm_i440                           | 1       | 5307  | 0    | 0     |
INFO: | InvariantMassOvRm_i441                           | 3       | 5307  | 0    | 0     |
INFO: | CaloCaloCorrelation_i192                         | 0       | 4344  | 0    | 0     |
INFO: | CaloCaloCorrelation_i193                         | 4       | 4344  | 0    | 0     |
INFO: | CaloCaloCorrelation_i194                         | 5       | 4332  | 0    | 0     |
INFO: | InvariantMass_i253                               | 1       | 4038  | 0    | 0     |
INFO: | InvariantMass_i254                               | 2       | 4038  | 0    | 0     |
INFO: | InvariantMass_i255                               | 3       | 4038  | 0    | 0     |
INFO: | InvariantMass_i256                               | 1       | 4038  | 0    | 0     |
INFO: | InvariantMass_i101                               | 5       | 3774  | 0    | 0     |
INFO: | InvariantMass_i99                                | 4       | 3774  | 0    | 0     |
INFO: | InvariantMass_i341                               | 0       | 3702  | 0    | 0     |
INFO: | InvariantMass_i348                               | 0       | 3702  | 0    | 0     |
INFO: | InvariantMass_i373                               | 0       | 3702  | 0    | 0     |
INFO: | InvariantMass_i379                               | 0       | 3702  | 0    | 0     |
INFO: | InvariantMass_i381                               | 0       | 3702  | 0    | 0     |
INFO: | InvariantMass_i385                               | 0       | 3702  | 0    | 0     |
INFO: | InvariantMass_i433                               | 0       | 3702  | 0    | 0     |
INFO: | InvariantMass_i434                               | 0       | 3702  | 0    | 0     |
INFO: | InvariantMass_i435                               | 0       | 3702  | 0    | 0     |
INFO: | InvariantMass_i438                               | 0       | 3702  | 0    | 0     |
INFO: | InvariantMass_i439                               | 0       | 3702  | 0    | 0     |
INFO: | InvariantMass_i442                               | 0       | 3702  | 0    | 0     |
INFO: | InvariantMass_i443                               | 0       | 3702  | 0    | 0     |
INFO: | CaloMuonCorrelation_i122                         | 3       | 2912  | 0    | 0     |
INFO: | CaloMuonCorrelation_i124                         | 1       | 2912  | 0    | 0     |
INFO: | CaloMuonCorrelation_i103                         | 3       | 2888  | 0    | 0     |
INFO: | CaloMuonCorrelation_i105                         | 5       | 2888  | 0    | 0     |
INFO: | CaloMuonCorrelation_i107                         | 4       | 2888  | 0    | 0     |
INFO: | CaloMuonCorrelation_i108                         | 3       | 2888  | 0    | 0     |
INFO: | CaloMuonCorrelation_i111                         | 3       | 2888  | 0    | 0     |
INFO: | CaloMuonCorrelation_i113                         | 0       | 2888  | 0    | 0     |
INFO: | CaloMuonCorrelation_i114                         | 1       | 2888  | 0    | 0     |
INFO: | CaloMuonCorrelation_i127                         | 2       | 2888  | 0    | 0     |
INFO: | CaloCaloCorrelation_i425                         | 2       | 2058  | 0    | 0     |
INFO: | CaloCaloCorrelation_i474                         | 3       | 2058  | 0    | 0     |
INFO: | CaloCaloCorrelation_i475                         | 1       | 2058  | 0    | 0     |
INFO: | QuadJET_i215                                     | 0       | 1960  | 0    | 0     |
INFO: | QuadJET_i266                                     | 5       | 1960  | 0    | 0     |
INFO: | QuadJET_i275                                     | 0       | 1960  | 0    | 0     |
INFO: | QuadJET_i276                                     | 0       | 1960  | 0    | 0     |
INFO: | QuadJET_i277                                     | 0       | 1960  | 0    | 0     |
INFO: | QuadJET_i278                                     | 0       | 1960  | 0    | 0     |
INFO: | QuadJET_i349                                     | 0       | 1960  | 0    | 0     |
INFO: | QuadJET_i263                                     | 1       | 1816  | 0    | 0     |
INFO: | DoubleTauOvRm_i444                               | 3       | 1763  | 0    | 0     |
INFO: | DoubleTauOvRm_i445                               | 5       | 1763  | 0    | 0     |
INFO: | DoubleTauOvRm_i446                               | 0       | 1763  | 0    | 0     |
INFO: | DoubleTauOvRm_i478                               | 1       | 1763  | 0    | 0     |
INFO: | DoubleTauOvRm_i479                               | 4       | 1763  | 0    | 0     |
INFO: | DoubleTauOvRm_i480                               | 2       | 1763  | 0    | 0     |
INFO: | InvariantMass_i100                               | 5       | 1428  | 0    | 0     |
INFO: | InvariantMass_i60                                | 1       | 1428  | 0    | 0     |
INFO: | InvariantMass_i61                                | 3       | 1428  | 0    | 0     |
INFO: | InvariantMass_i98                                | 4       | 1428  | 0    | 0     |
INFO: | InvariantMass_i76                                | 2       | 1380  | 0    | 0     |
INFO: | InvariantMass_i79                                | 4       | 1380  | 0    | 0     |
INFO: | InvariantMass_i33                                | 5       | 1364  | 0    | 0     |
INFO: | InvariantMass_i40                                | 4       | 1364  | 0    | 0     |
INFO: | MuonMuonCorrelation_i394                         | 4       | 924   | 0    | 0     |
INFO: | MuonMuonCorrelation_i395                         | 5       | 924   | 0    | 0     |
INFO: | MuonMuonCorrelation_i50                          | 0       | 924   | 0    | 0     |
INFO: | MuonMuonCorrelation_i52                          | 5       | 924   | 0    | 0     |
INFO: | MuonMuonCorrelation_i56                          | 4       | 924   | 0    | 0     |
INFO: | InvariantMass3_i393                              | 5       | 909   | 112  | 0     |
INFO: | InvariantMass3_i69                               | 2       | 909   | 112  | 0     |
INFO: | InvariantMass3_i75                               | 4       | 909   | 112  | 0     |
INFO: | MuonMuonCorrelation_i126                         | 2       | 876   | 0    | 0     |
INFO: | MuonMuonCorrelation_i392                         | 2       | 876   | 0    | 0     |
INFO: | MuonMuonCorrelation_i58                          | 5       | 876   | 0    | 0     |
INFO: | MuonMuonCorrelation_i62                          | 4       | 876   | 0    | 0     |
INFO: | TransverseMass_i172                              | 2       | 746   | 0    | 0     |
INFO: | MuonMuonCorrelation_i328                         | 3       | 480   | 0    | 0     |
INFO: | CaloCaloCorrelation_i123                         | 3       | 408   | 0    | 0     |
INFO: | CaloCaloCorrelation_i125                         | 1       | 408   | 0    | 0     |
INFO: | CaloCaloCorrelation_i251                         | 4       | 408   | 0    | 0     |
INFO: | CaloCaloCorrelation_i252                         | 2       | 408   | 0    | 0     |
INFO: | CaloCaloCorrelation_i426                         | 1       | 408   | 0    | 0     |
INFO: | CaloCaloCorrelation_i476                         | 5       | 408   | 0    | 0     |
INFO: | CaloCaloCorrelation_i477                         | 0       | 408   | 0    | 0     |
INFO: | MuonMuonCorrelation_i382                         | 2       | 392   | 0    | 0     |
INFO: | MuonMuonCorrelation_i45                          | 4       | 252   | 0    | 0     |
INFO: | MuonMuonCorrelation_i46                          | 5       | 252   | 0    | 0     |
INFO: | MuonMuonCorrelation_i47                          | 4       | 252   | 0    | 0     |
INFO: | MuonMuonCorrelation_i51                          | 5       | 252   | 0    | 0     |
INFO: | MuonMuonCorrelation_i53                          | 4       | 252   | 0    | 0     |
INFO: | MuonMuonCorrelation_i54                          | 5       | 252   | 0    | 0     |
INFO: | TripleJET_i350                                   | 0       | 216   | 0    | 0     |
INFO: | TripleJET_i353                                   | 0       | 216   | 0    | 0     |
INFO: | TripleJET_i356                                   | 0       | 216   | 0    | 0     |
INFO: | DoubleEG_i181                                    | 4       | 168   | 0    | 0     |
INFO: | DoubleEG_i182                                    | 2       | 168   | 0    | 0     |
INFO: | DoubleEG_i183                                    | 4       | 168   | 0    | 0     |
INFO: | DoubleEG_i184                                    | 2       | 168   | 0    | 0     |
INFO: | DoubleEG_i185                                    | 4       | 168   | 0    | 0     |
INFO: | DoubleEG_i186                                    | 2       | 168   | 0    | 0     |
INFO: | DoubleEG_i187                                    | 4       | 168   | 0    | 0     |
INFO: | DoubleTAU_i198                                   | 2       | 168   | 0    | 0     |
INFO: | DoubleTAU_i199                                   | 4       | 168   | 0    | 0     |
INFO: | DoubleTAU_i200                                   | 0       | 168   | 0    | 0     |
INFO: | DoubleTAU_i201                                   | 2       | 168   | 0    | 0     |
INFO: | DoubleTAU_i202                                   | 4       | 168   | 0    | 0     |
INFO: | DoubleTAU_i203                                   | 0       | 168   | 0    | 0     |
INFO: | DoubleEG_i179                                    | 5       | 156   | 0    | 0     |
INFO: | DoubleEG_i180                                    | 2       | 156   | 0    | 0     |
INFO: | DoubleMU_i43                                     | 5       | 152   | 0    | 0     |
INFO: | DoubleEG_i173                                    | 5       | 144   | 0    | 0     |
INFO: | DoubleEG_i174                                    | 4       | 144   | 0    | 0     |
INFO: | DoubleEG_i175                                    | 5       | 144   | 0    | 0     |
INFO: | DoubleEG_i176                                    | 4       | 144   | 0    | 0     |
INFO: | DoubleEG_i177                                    | 5       | 144   | 0    | 0     |
INFO: | DoubleEG_i178                                    | 4       | 144   | 0    | 0     |
INFO: | DoubleEG_i188                                    | 0       | 144   | 0    | 0     |
INFO: | DoubleEG_i463                                    | 2       | 144   | 0    | 0     |
INFO: | DoubleEG_i466                                    | 2       | 144   | 0    | 0     |
INFO: | DoubleEG_i467                                    | 2       | 144   | 0    | 0     |
INFO: | DoubleEG_i91                                     | 5       | 144   | 0    | 0     |
INFO: | DoubleEG_i92                                     | 5       | 144   | 0    | 0     |
INFO: | DoubleEG_i93                                     | 5       | 144   | 0    | 0     |
INFO: | DoubleEG_i94                                     | 5       | 144   | 0    | 0     |
INFO: | DoubleJET_i104                                   | 5       | 144   | 0    | 0     |
INFO: | DoubleJET_i106                                   | 4       | 144   | 0    | 0     |
INFO: | DoubleJET_i109                                   | 3       | 144   | 0    | 0     |
INFO: | DoubleJET_i110                                   | 3       | 144   | 0    | 0     |
INFO: | DoubleJET_i112                                   | 0       | 144   | 0    | 0     |
INFO: | DoubleJET_i131                                   | 1       | 144   | 0    | 0     |
INFO: | DoubleJET_i249                                   | 5       | 144   | 0    | 0     |
INFO: | DoubleJET_i250                                   | 4       | 144   | 0    | 0     |
INFO: | DoubleJET_i258                                   | 1       | 144   | 0    | 0     |
INFO: | DoubleJET_i260                                   | 5       | 144   | 0    | 0     |
INFO: | DoubleJET_i262                                   | 4       | 144   | 0    | 0     |
INFO: | DoubleJET_i359                                   | 0       | 144   | 0    | 0     |
INFO: | DoubleJET_i360                                   | 0       | 144   | 0    | 0     |
INFO: | DoubleJET_i361                                   | 0       | 144   | 0    | 0     |
INFO: | DoubleJET_i362                                   | 0       | 144   | 0    | 0     |
INFO: | DoubleJET_i363                                   | 0       | 144   | 0    | 0     |
INFO: | DoubleJET_i364                                   | 0       | 144   | 0    | 0     |
INFO: | DoubleJET_i365                                   | 0       | 144   | 0    | 0     |
INFO: | DoubleJET_i366                                   | 0       | 144   | 0    | 0     |
INFO: | DoubleJET_i367                                   | 0       | 144   | 0    | 0     |
INFO: | DoubleJET_i368                                   | 0       | 144   | 0    | 0     |
INFO: | DoubleMU_i389                                    | 5       | 144   | 0    | 0     |
INFO: | DoubleMU_i390                                    | 3       | 144   | 0    | 0     |
INFO: | DoubleMU_i391                                    | 4       | 144   | 0    | 0     |
INFO: | DoubleMU_i42                                     | 4       | 144   | 0    | 0     |
INFO: | DoubleMU_i44                                     | 5       | 144   | 0    | 0     |
INFO: | DoubleTAU_i197                                   | 5       | 144   | 0    | 0     |
INFO: | QuadMU_i80                                       | 4       | 128   | 0    | 0     |
INFO: | QuadMU_i81                                       | 3       | 128   | 0    | 0     |
INFO: | QuadMU_i82                                       | 1       | 128   | 0    | 0     |
INFO: | DoubleMU_i49                                     | 4       | 113   | 0    | 0     |
INFO: | DoubleMU_i59                                     | 1       | 113   | 0    | 0     |
INFO: | DoubleMU_i41                                     | 4       | 112   | 0    | 0     |
INFO: | DoubleMU_i48                                     | 0       | 112   | 0    | 0     |
INFO: | SingleJET_i240                                   | 4       | 108   | 0    | 0     |
INFO: | SingleJET_i241                                   | 1       | 108   | 0    | 0     |
INFO: | SingleJET_i242                                   | 0       | 108   | 0    | 0     |
INFO: | TripleJET_i257                                   | 1       | 108   | 0    | 0     |
INFO: | TripleJET_i259                                   | 5       | 108   | 0    | 0     |
INFO: | TripleJET_i261                                   | 4       | 108   | 0    | 0     |
INFO: | DoubleJET_i267                                   | 5       | 96    | 0    | 0     |
INFO: | SingleMU_i338                                    | 4       | 96    | 0    | 0     |
INFO: | SingleMU_i339                                    | 5       | 96    | 0    | 0     |
INFO: | TripleMU_i63                                     | 0       | 96    | 0    | 0     |
INFO: | TripleMU_i64                                     | 4       | 96    | 0    | 0     |
INFO: | TripleMU_i65                                     | 1       | 96    | 0    | 0     |
INFO: | TripleMU_i66                                     | 5       | 96    | 0    | 0     |
INFO: | TripleMU_i67                                     | 4       | 96    | 0    | 0     |
INFO: | TripleMU_i68                                     | 0       | 96    | 0    | 0     |
INFO: | TripleMU_i70                                     | 4       | 96    | 0    | 0     |
INFO: | TripleMU_i71                                     | 2       | 96    | 0    | 0     |
INFO: | TripleMU_i72                                     | 1       | 96    | 0    | 0     |
INFO: | TripleMU_i73                                     | 5       | 96    | 0    | 0     |
INFO: | TripleMU_i74                                     | 4       | 96    | 0    | 0     |
INFO: | TripleMU_i77                                     | 2       | 96    | 0    | 0     |
INFO: | TripleMU_i78                                     | 4       | 96    | 0    | 0     |
INFO: | SingleEG_i150                                    | 4       | 84    | 0    | 0     |
INFO: | SingleEG_i151                                    | 5       | 84    | 0    | 0     |
INFO: | SingleEG_i152                                    | 2       | 84    | 0    | 0     |
INFO: | SingleEG_i153                                    | 2       | 84    | 0    | 0     |
INFO: | SingleEG_i154                                    | 0       | 84    | 0    | 0     |
INFO: | SingleEG_i155                                    | 3       | 84    | 0    | 0     |
INFO: | SingleEG_i156                                    | 1       | 84    | 0    | 0     |
INFO: | SingleEG_i157                                    | 0       | 84    | 0    | 0     |
INFO: | SingleEG_i158                                    | 5       | 84    | 0    | 0     |
INFO: | SingleEG_i159                                    | 1       | 84    | 0    | 0     |
INFO: | SingleEG_i160                                    | 5       | 84    | 0    | 0     |
INFO: | SingleEG_i161                                    | 3       | 84    | 0    | 0     |
INFO: | SingleEG_i162                                    | 5       | 84    | 0    | 0     |
INFO: | SingleEG_i163                                    | 5       | 84    | 0    | 0     |
INFO: | SingleEG_i164                                    | 0       | 84    | 0    | 0     |
INFO: | SingleEG_i165                                    | 1       | 84    | 0    | 0     |
INFO: | SingleEG_i166                                    | 4       | 84    | 0    | 0     |
INFO: | SingleEG_i167                                    | 5       | 84    | 0    | 0     |
INFO: | SingleEG_i168                                    | 3       | 84    | 0    | 0     |
INFO: | SingleEG_i169                                    | 1       | 84    | 0    | 0     |
INFO: | SingleEG_i170                                    | 4       | 84    | 0    | 0     |
INFO: | SingleEG_i171                                    | 3       | 84    | 0    | 0     |
INFO: | SingleEG_i377                                    | 0       | 84    | 0    | 0     |
INFO: | SingleEG_i384                                    | 0       | 84    | 0    | 0     |
INFO: | SingleEG_i470                                    | 0       | 84    | 0    | 0     |
INFO: | SingleEG_i472                                    | 0       | 84    | 0    | 0     |
INFO: | SingleEG_i88                                     | 3       | 84    | 0    | 0     |
INFO: | SingleEG_i89                                     | 3       | 84    | 0    | 0     |
INFO: | SingleTAU_i210                                   | 5       | 84    | 0    | 0     |
INFO: | SingleTAU_i211                                   | 5       | 84    | 0    | 0     |
INFO: | SingleTAU_i212                                   | 5       | 84    | 0    | 0     |
INFO: | SingleTAU_i213                                   | 5       | 84    | 0    | 0     |
INFO: | SingleTAU_i216                                   | 0       | 84    | 0    | 0     |
INFO: | SingleMU_i10                                     | 1       | 80    | 0    | 0     |
INFO: | SingleMU_i11                                     | 4       | 80    | 0    | 0     |
INFO: | SingleMU_i17                                     | 5       | 80    | 0    | 0     |
INFO: | SingleMU_i18                                     | 3       | 80    | 0    | 0     |
INFO: | SingleMU_i26                                     | 4       | 80    | 0    | 0     |
INFO: | SingleMU_i27                                     | 0       | 80    | 0    | 0     |
INFO: | SingleMU_i6                                      | 3       | 80    | 0    | 0     |
INFO: | SingleMU_i7                                      | 1       | 80    | 0    | 0     |
INFO: | CaloEsumCorrelation_i244                         | 1       | 74    | 0    | 0     |
INFO: | CaloEsumCorrelation_i245                         | 1       | 74    | 0    | 0     |
INFO: | CaloEsumCorrelation_i247                         | 1       | 74    | 0    | 0     |
INFO: | CaloEsumCorrelation_i248                         | 1       | 74    | 0    | 0     |
INFO: | DoubleEG_i462                                    | 2       | 72    | 0    | 0     |
INFO: | DoubleEG_i464                                    | 2       | 72    | 0    | 0     |
INFO: | DoubleEG_i465                                    | 2       | 72    | 0    | 0     |
INFO: | DoubleJET_i340                                   | 0       | 72    | 0    | 0     |
INFO: | DoubleJET_i347                                   | 0       | 72    | 0    | 0     |
INFO: | DoubleJET_i370                                   | 0       | 72    | 0    | 0     |
INFO: | DoubleJET_i372                                   | 0       | 72    | 0    | 0     |
INFO: | SingleEG_i134                                    | 4       | 72    | 0    | 0     |
INFO: | SingleEG_i135                                    | 5       | 72    | 0    | 0     |
INFO: | SingleEG_i136                                    | 0       | 72    | 0    | 0     |
INFO: | SingleEG_i137                                    | 0       | 72    | 0    | 0     |
INFO: | SingleEG_i138                                    | 0       | 72    | 0    | 0     |
INFO: | SingleEG_i139                                    | 0       | 72    | 0    | 0     |
INFO: | SingleEG_i140                                    | 1       | 72    | 0    | 0     |
INFO: | SingleEG_i141                                    | 4       | 72    | 0    | 0     |
INFO: | SingleEG_i142                                    | 3       | 72    | 0    | 0     |
INFO: | SingleEG_i143                                    | 5       | 72    | 0    | 0     |
INFO: | SingleEG_i144                                    | 0       | 72    | 0    | 0     |
INFO: | SingleEG_i145                                    | 4       | 72    | 0    | 0     |
INFO: | SingleEG_i146                                    | 1       | 72    | 0    | 0     |
INFO: | SingleEG_i147                                    | 3       | 72    | 0    | 0     |
INFO: | SingleEG_i460                                    | 5       | 72    | 0    | 0     |
INFO: | SingleEG_i461                                    | 0       | 72    | 0    | 0     |
INFO: | SingleEG_i473                                    | 0       | 72    | 0    | 0     |
INFO: | SingleEG_i85                                     | 3       | 72    | 0    | 0     |
INFO: | SingleEG_i86                                     | 3       | 72    | 0    | 0     |
INFO: | SingleEG_i87                                     | 1       | 72    | 0    | 0     |
INFO: | SingleEG_i96                                     | 0       | 72    | 0    | 0     |
INFO: | SingleJET_i102                                   | 0       | 72    | 0    | 0     |
INFO: | SingleJET_i116                                   | 1       | 72    | 0    | 0     |
INFO: | SingleJET_i130                                   | 1       | 72    | 0    | 0     |
INFO: | SingleJET_i223                                   | 3       | 72    | 0    | 0     |
INFO: | SingleJET_i224                                   | 3       | 72    | 0    | 0     |
INFO: | SingleJET_i225                                   | 5       | 72    | 0    | 0     |
INFO: | SingleJET_i226                                   | 0       | 72    | 0    | 0     |
INFO: | SingleJET_i227                                   | 4       | 72    | 0    | 0     |
INFO: | SingleJET_i228                                   | 5       | 72    | 0    | 0     |
INFO: | SingleJET_i229                                   | 5       | 72    | 0    | 0     |
INFO: | SingleJET_i230                                   | 3       | 72    | 0    | 0     |
INFO: | SingleJET_i231                                   | 3       | 72    | 0    | 0     |
INFO: | SingleJET_i232                                   | 4       | 72    | 0    | 0     |
INFO: | SingleJET_i233                                   | 4       | 72    | 0    | 0     |
INFO: | SingleJET_i234                                   | 3       | 72    | 0    | 0     |
INFO: | SingleJET_i235                                   | 3       | 72    | 0    | 0     |
INFO: | SingleJET_i236                                   | 0       | 72    | 0    | 0     |
INFO: | SingleJET_i237                                   | 0       | 72    | 0    | 0     |
INFO: | SingleJET_i238                                   | 4       | 72    | 0    | 0     |
INFO: | SingleJET_i239                                   | 4       | 72    | 0    | 0     |
INFO: | SingleJET_i264                                   | 1       | 72    | 0    | 0     |
INFO: | SingleJET_i265                                   | 1       | 72    | 0    | 0     |
INFO: | SingleJET_i298                                   | 2       | 72    | 0    | 0     |
INFO: | SingleJET_i299                                   | 2       | 72    | 0    | 0     |
INFO: | SingleJET_i300                                   | 2       | 72    | 0    | 0     |
INFO: | SingleJET_i342                                   | 1       | 72    | 0    | 0     |
INFO: | SingleJET_i343                                   | 1       | 72    | 0    | 0     |
INFO: | SingleJET_i351                                   | 0       | 72    | 0    | 0     |
INFO: | SingleJET_i352                                   | 0       | 72    | 0    | 0     |
INFO: | SingleJET_i354                                   | 0       | 72    | 0    | 0     |
INFO: | SingleJET_i355                                   | 0       | 72    | 0    | 0     |
INFO: | SingleJET_i357                                   | 0       | 72    | 0    | 0     |
INFO: | SingleJET_i358                                   | 0       | 72    | 0    | 0     |
INFO: | SingleJET_i452                                   | 2       | 72    | 0    | 0     |
INFO: | SingleJET_i453                                   | 2       | 72    | 0    | 0     |
INFO: | SingleJET_i454                                   | 2       | 72    | 0    | 0     |
INFO: | SingleJET_i455                                   | 2       | 72    | 0    | 0     |
INFO: | SingleJET_i456                                   | 2       | 72    | 0    | 0     |
INFO: | SingleJET_i457                                   | 5       | 72    | 0    | 0     |
INFO: | SingleJET_i468                                   | 1       | 72    | 0    | 0     |
INFO: | SingleJET_i469                                   | 1       | 72    | 0    | 0     |
INFO: | SingleMU_i2                                      | 5       | 72    | 0    | 0     |
INFO: | SingleMU_i3                                      | 3       | 72    | 0    | 0     |
INFO: | SingleMU_i337                                    | 0       | 72    | 0    | 0     |
INFO: | SingleMU_i396                                    | 4       | 72    | 0    | 0     |
INFO: | SingleMU_i397                                    | 1       | 72    | 0    | 0     |
INFO: | SingleTAU_i195                                   | 0       | 72    | 0    | 0     |
INFO: | SingleTAU_i196                                   | 4       | 72    | 0    | 0     |
INFO: | SingleTAU_i205                                   | 4       | 72    | 0    | 0     |
INFO: | SingleTAU_i206                                   | 4       | 72    | 0    | 0     |
INFO: | SingleTAU_i214                                   | 5       | 72    | 0    | 0     |
INFO: | DoubleMU_i32                                     | 1       | 65    | 0    | 0     |
INFO: | DoubleMU_i55                                     | 3       | 65    | 0    | 0     |
INFO: | DoubleMU_i57                                     | 5       | 65    | 0    | 0     |
INFO: | DoubleMU_i128                                    | 1       | 64    | 0    | 0     |
INFO: | DoubleMU_i29                                     | 4       | 64    | 0    | 0     |
INFO: | DoubleMU_i30                                     | 0       | 64    | 0    | 0     |
INFO: | DoubleMU_i31                                     | 1       | 64    | 0    | 0     |
INFO: | DoubleMU_i34                                     | 3       | 64    | 0    | 0     |
INFO: | DoubleMU_i35                                     | 5       | 64    | 0    | 0     |
INFO: | DoubleMU_i36                                     | 0       | 64    | 0    | 0     |
INFO: | DoubleMU_i37                                     | 4       | 64    | 0    | 0     |
INFO: | DoubleMU_i38                                     | 1       | 64    | 0    | 0     |
INFO: | DoubleMU_i39                                     | 3       | 64    | 0    | 0     |
INFO: | DoubleMU_i95                                     | 0       | 64    | 0    | 0     |
INFO: | DoubleMU_i97                                     | 0       | 64    | 0    | 0     |
INFO: | SingleMU_i115                                    | 1       | 56    | 0    | 0     |
INFO: | SingleMU_i16                                     | 3       | 56    | 0    | 0     |
INFO: | SingleMU_i204                                    | 4       | 56    | 0    | 0     |
INFO: | SingleMU_i209                                    | 5       | 56    | 0    | 0     |
INFO: | SingleMU_i25                                     | 1       | 56    | 0    | 0     |
INFO: | SingleMU_i294                                    | 2       | 56    | 0    | 0     |
INFO: | SingleMU_i297                                    | 2       | 56    | 0    | 0     |
INFO: | SingleMU_i344                                    | 0       | 56    | 0    | 0     |
INFO: | SingleMU_i345                                    | 5       | 56    | 0    | 0     |
INFO: | SingleMU_i386                                    | 0       | 56    | 0    | 0     |
INFO: | SingleMU_i387                                    | 4       | 56    | 0    | 0     |
INFO: | SingleMU_i388                                    | 1       | 56    | 0    | 0     |
INFO: | SingleMU_i398                                    | 3       | 56    | 0    | 0     |
INFO: | SingleMU_i399                                    | 4       | 56    | 0    | 0     |
INFO: | SingleMU_i400                                    | 1       | 56    | 0    | 0     |
INFO: | SingleMU_i401                                    | 5       | 56    | 0    | 0     |
INFO: | SingleMU_i402                                    | 0       | 56    | 0    | 0     |
INFO: | SingleMU_i417                                    | 5       | 56    | 0    | 0     |
INFO: | SingleMU_i418                                    | 1       | 56    | 0    | 0     |
INFO: | SingleMU_i419                                    | 4       | 56    | 0    | 0     |
INFO: | SingleMU_i420                                    | 3       | 56    | 0    | 0     |
INFO: | SingleMU_i421                                    | 0       | 56    | 0    | 0     |
INFO: | SingleMU_i422                                    | 5       | 56    | 0    | 0     |
INFO: | SingleMU_i423                                    | 0       | 56    | 0    | 0     |
INFO: | SingleMU_i424                                    | 4       | 56    | 0    | 0     |
INFO: | SingleMU_i5                                      | 3       | 56    | 0    | 0     |
INFO: | SingleMU_i9                                      | 5       | 56    | 0    | 0     |
INFO: | SingleJET_i268                                   | 4       | 48    | 0    | 0     |
INFO: | SingleJET_i270                                   | 1       | 48    | 0    | 0     |
INFO: | SingleJET_i272                                   | 0       | 48    | 0    | 0     |
INFO: | SingleJET_i274                                   | 5       | 48    | 0    | 0     |
INFO: | SingleMU_i1                                      | 0       | 48    | 0    | 0     |
INFO: | SingleMU_i336                                    | 5       | 48    | 0    | 0     |
INFO: | SingleEG_i148                                    | 5       | 36    | 0    | 0     |
INFO: | SingleEG_i149                                    | 0       | 36    | 0    | 0     |
INFO: | SingleEG_i458                                    | 2       | 36    | 0    | 0     |
INFO: | SingleEG_i459                                    | 2       | 36    | 0    | 0     |
INFO: | SingleEG_i471                                    | 0       | 36    | 0    | 0     |
INFO: | SingleJET_i207                                   | 4       | 36    | 0    | 0     |
INFO: | SingleJET_i208                                   | 4       | 36    | 0    | 0     |
INFO: | SingleJET_i217                                   | 5       | 36    | 0    | 0     |
INFO: | SingleJET_i218                                   | 1       | 36    | 0    | 0     |
INFO: | SingleJET_i219                                   | 0       | 36    | 0    | 0     |
INFO: | SingleJET_i220                                   | 4       | 36    | 0    | 0     |
INFO: | SingleJET_i221                                   | 1       | 36    | 0    | 0     |
INFO: | SingleJET_i222                                   | 3       | 36    | 0    | 0     |
INFO: | SingleJET_i447                                   | 2       | 36    | 0    | 0     |
INFO: | SingleJET_i448                                   | 2       | 36    | 0    | 0     |
INFO: | SingleJET_i449                                   | 2       | 36    | 0    | 0     |
INFO: | SingleJET_i450                                   | 2       | 36    | 0    | 0     |
INFO: | SingleJET_i451                                   | 2       | 36    | 0    | 0     |
INFO: | SingleMU_i12                                     | 0       | 32    | 0    | 0     |
INFO: | SingleMU_i13                                     | 3       | 32    | 0    | 0     |
INFO: | SingleMU_i14                                     | 3       | 32    | 0    | 0     |
INFO: | SingleMU_i15                                     | 3       | 32    | 0    | 0     |
INFO: | SingleMU_i19                                     | 1       | 32    | 0    | 0     |
INFO: | SingleMU_i20                                     | 3       | 32    | 0    | 0     |
INFO: | SingleMU_i21                                     | 1       | 32    | 0    | 0     |
INFO: | SingleMU_i22                                     | 4       | 32    | 0    | 0     |
INFO: | SingleMU_i23                                     | 0       | 32    | 0    | 0     |
INFO: | SingleMU_i24                                     | 5       | 32    | 0    | 0     |
INFO: | SingleMU_i28                                     | 1       | 32    | 0    | 0     |
INFO: | SingleMU_i371                                    | 0       | 32    | 0    | 0     |
INFO: | SingleMU_i375                                    | 3       | 32    | 0    | 0     |
INFO: | SingleMU_i383                                    | 3       | 32    | 0    | 0     |
INFO: | SingleMU_i4                                      | 2       | 32    | 0    | 0     |
INFO: | SingleMU_i8                                      | 4       | 32    | 0    | 0     |
INFO: | SingleMU_i90                                     | 5       | 32    | 0    | 0     |
INFO: | SingleMU_i0                                      | 5       | 24    | 0    | 0     |
INFO: | Axol1tlTrigger_i413                              | 1       | 15    | 0    | 0     |
INFO: | Axol1tlTrigger_i414                              | 1       | 15    | 0    | 0     |
INFO: | Axol1tlTrigger_i415                              | 1       | 15    | 0    | 0     |
INFO: | Axol1tlTrigger_i416                              | 1       | 15    | 0    | 0     |
INFO: | Axol1tlTrigger_i427                              | 1       | 15    | 0    | 0     |
INFO: | Axol1tlTrigger_i428                              | 1       | 15    | 0    | 0     |
INFO: | Axol1tlTrigger_i429                              | 1       | 15    | 0    | 0     |
INFO: | CicadaTrigger_i408                               | 0       | 4     | 0    | 0     |
INFO: | CicadaTrigger_i409                               | 0       | 4     | 0    | 0     |
INFO: | CicadaTrigger_i410                               | 4       | 4     | 0    | 0     |
INFO: | CicadaTrigger_i411                               | 2       | 4     | 0    | 0     |
INFO: | CicadaTrigger_i412                               | 4       | 4     | 0    | 0     |
INFO: | CicadaTrigger_i430                               | 3       | 4     | 0    | 0     |
INFO: | CicadaTrigger_i431                               | 5       | 4     | 0    | 0     |
INFO: | CicadaTrigger_i432                               | 2       | 4     | 0    | 0     |
INFO: | SingleETMHF_i117                                 | 1       | 4     | 0    | 0     |
INFO: | SingleETMHF_i118                                 | 1       | 4     | 0    | 0     |
INFO: | SingleETMHF_i119                                 | 1       | 4     | 0    | 0     |
INFO: | SingleETMHF_i132                                 | 1       | 4     | 0    | 0     |
INFO: | SingleETMHF_i243                                 | 1       | 4     | 0    | 0     |
INFO: | SingleETMHF_i246                                 | 1       | 4     | 0    | 0     |
INFO: | SingleETMHF_i286                                 | 1       | 4     | 0    | 0     |
INFO: | SingleETMHF_i287                                 | 1       | 4     | 0    | 0     |
INFO: | SingleETMHF_i288                                 | 1       | 4     | 0    | 0     |
INFO: | SingleETMHF_i289                                 | 1       | 4     | 0    | 0     |
INFO: | SingleETMHF_i290                                 | 1       | 4     | 0    | 0     |
INFO: | SingleETMHF_i291                                 | 3       | 4     | 0    | 0     |
INFO: | SingleETMHF_i292                                 | 5       | 4     | 0    | 0     |
INFO: | SingleETMHF_i374                                 | 0       | 4     | 0    | 0     |
INFO: | SingleETM_i284                                   | 0       | 4     | 0    | 0     |
INFO: | SingleETM_i285                                   | 4       | 4     | 0    | 0     |
INFO: | SingleETT_i283                                   | 2       | 4     | 0    | 0     |
INFO: | SingleHTMHF_i403                                 | 0       | 4     | 0    | 0     |
INFO: | SingleHTMHF_i404                                 | 4       | 4     | 0    | 0     |
INFO: | SingleHTMHF_i405                                 | 3       | 4     | 0    | 0     |
INFO: | SingleHTMHF_i406                                 | 5       | 4     | 0    | 0     |
INFO: | SingleHTMHF_i407                                 | 2       | 4     | 0    | 0     |
INFO: | SingleHTT_i120                                   | 5       | 4     | 0    | 0     |
INFO: | SingleHTT_i121                                   | 5       | 4     | 0    | 0     |
INFO: | SingleHTT_i129                                   | 1       | 4     | 0    | 0     |
INFO: | SingleHTT_i133                                   | 1       | 4     | 0    | 0     |
INFO: | SingleHTT_i189                                   | 0       | 4     | 0    | 0     |
INFO: | SingleHTT_i190                                   | 0       | 4     | 0    | 0     |
INFO: | SingleHTT_i191                                   | 0       | 4     | 0    | 0     |
INFO: | SingleHTT_i269                                   | 4       | 4     | 0    | 0     |
INFO: | SingleHTT_i271                                   | 1       | 4     | 0    | 0     |
INFO: | SingleHTT_i273                                   | 0       | 4     | 0    | 0     |
INFO: | SingleHTT_i279                                   | 0       | 4     | 0    | 0     |
INFO: | SingleHTT_i280                                   | 4       | 4     | 0    | 0     |
INFO: | SingleHTT_i281                                   | 3       | 4     | 0    | 0     |
INFO: | SingleHTT_i282                                   | 5       | 4     | 0    | 0     |
INFO: | SingleHTT_i376                                   | 3       | 4     | 0    | 0     |
INFO: | SingleMBT0HFM_i303                               | 2       | 4     | 0    | 0     |
INFO: | SingleMBT0HFP_i302                               | 2       | 4     | 0    | 0     |
INFO: | MuonShower0_i83                                  | 3       | 0     | 0    | 0     |
INFO: | MuonShower1_i84                                  | 5       | 0     | 0    | 0     |
INFO: | MuonShower2_i335                                 | 2       | 0     | 0    | 0     |
INFO: | SingleEXT_i293                                   | 2       | 0     | 0    | 0     |
INFO: | SingleEXT_i295                                   | 2       | 0     | 0    | 0     |
INFO: | SingleEXT_i296                                   | 2       | 0     | 0    | 0     |
INFO: | SingleEXT_i301                                   | 2       | 0     | 0    | 0     |
INFO: | SingleEXT_i304                                   | 0       | 0     | 0    | 0     |
INFO: | SingleEXT_i305                                   | 0       | 0     | 0    | 0     |
INFO: | SingleEXT_i306                                   | 4       | 0     | 0    | 0     |
INFO: | SingleEXT_i307                                   | 0       | 0     | 0    | 0     |
INFO: | SingleEXT_i308                                   | 2       | 0     | 0    | 0     |
INFO: | SingleEXT_i309                                   | 2       | 0     | 0    | 0     |
INFO: | SingleEXT_i310                                   | 2       | 0     | 0    | 0     |
INFO: | SingleEXT_i311                                   | 2       | 0     | 0    | 0     |
INFO: | SingleEXT_i312                                   | 2       | 0     | 0    | 0     |
INFO: | SingleEXT_i313                                   | 2       | 0     | 0    | 0     |
INFO: | SingleEXT_i314                                   | 4       | 0     | 0    | 0     |
INFO: | SingleEXT_i315                                   | 3       | 0     | 0    | 0     |
INFO: | SingleEXT_i316                                   | 4       | 0     | 0    | 0     |
INFO: | SingleEXT_i317                                   | 4       | 0     | 0    | 0     |
INFO: | SingleEXT_i318                                   | 3       | 0     | 0    | 0     |
INFO: | SingleEXT_i319                                   | 5       | 0     | 0    | 0     |
INFO: | SingleEXT_i320                                   | 2       | 0     | 0    | 0     |
INFO: | SingleEXT_i321                                   | 2       | 0     | 0    | 0     |
INFO: | SingleEXT_i322                                   | 0       | 0     | 0    | 0     |
INFO: | SingleEXT_i323                                   | 4       | 0     | 0    | 0     |
INFO: | SingleEXT_i324                                   | 2       | 0     | 0    | 0     |
INFO: | SingleEXT_i325                                   | 0       | 0     | 0    | 0     |
INFO: | SingleEXT_i326                                   | 3       | 0     | 0    | 0     |
INFO: | SingleEXT_i327                                   | 5       | 0     | 0    | 0     |
INFO: | SingleEXT_i329                                   | 5       | 0     | 0    | 0     |
INFO: | SingleEXT_i330                                   | 2       | 0     | 0    | 0     |
INFO: | SingleEXT_i331                                   | 2       | 0     | 0    | 0     |
INFO: | SingleEXT_i332                                   | 4       | 0     | 0    | 0     |
INFO: | SingleEXT_i333                                   | 3       | 0     | 0    | 0     |
INFO: | SingleEXT_i334                                   | 5       | 0     | 0    | 0     |
INFO: |--------------------------------------------------|---------|-------|------|-------|
INFO: |--------------------------------------------------------------------------------------|
INFO: |                                                                                      |
INFO: | Summary for distribution on 6 modules, shadow ratio: 0.0                             |
INFO: |                                                                                      |
INFO: |-------------------------------------|------------------------------------------------|
INFO: |                                     |                    Payload                     |
INFO: |-------------------------------------|------------------------------------------------|
INFO: |              Module                 |   SliceLUTs    |     BRAMs     |     DSPs      |
INFO: |-------------------------------------|------------------------------------------------|
INFO: | ID | Algorithms | Conditions | Rel. | Value  |  [%]  | Value |  [%]  | Value |  [%]  |
INFO: |----|------------|------------|------|--------|-------|-------|-------|-------|-------|
INFO: |  0 |         94 |        110 | 1.17 | 296144 | 68.36 |   636 | 43.27 |  1022 | 28.39 |
INFO: |  1 |         86 |         78 | 0.91 | 297878 | 68.76 |   636 | 43.27 |  1470 | 40.83 |
INFO: |  2 |         77 |         69 | 0.90 | 295930 | 68.31 |   636 | 43.27 |  1674 | 46.50 |
INFO: |  3 |         56 |         59 | 1.05 | 295845 | 68.29 |   636 | 43.27 |  1470 | 40.83 |
INFO: |  4 |         77 |         83 | 1.08 | 296148 | 68.36 |   636 | 43.27 |  1704 | 47.33 |
INFO: |  5 |         75 |         82 | 1.09 | 295846 | 68.29 |   636 | 43.27 |  1704 | 47.33 |
INFO: |----|------------|------------|------|--------|-------|-------|-------|-------|-------|
DEBUG: |----------------------------------------------------------------------------------------------|
DEBUG: |                                                                                              |
DEBUG: | Summary of instantiations resources on 6 modules                                             |
DEBUG: |                                                                                              |
DEBUG: |----------------------------------------------------------------------------------------------|
DEBUG: |                                                                                              |
DEBUG: | module_0:                                                                                    |
DEBUG: |                                                                                              |
DEBUG: | instantiation name                    | sLUTs | DSPs  | BRAMs | obj 1   | obj 2  | bx 1| bx 2|
DEBUG: |---------------------------------------|-------|-------|-------|---------|--------|-----|-----|
DEBUG: | ctrl, datapath, infra, readout, ttc:                                                         |
DEBUG: | summary                               | 39100 |     0 |   216 |         |        |     |     |
DEBUG: |                                                                                              |
DEBUG: | frame:                                                                                       |
DEBUG: | summary                               |  4221 |     0 |   356 |         |        |     |     |
DEBUG: |                                                                                              |
DEBUG: | fdl_module:                                                                                  |
DEBUG: | base                                  | 16800 |     0 |    64 |         |        |     |     |
DEBUG: | slices                                | 29234 |     0 |     0 |         |        |     |     |
DEBUG: | summary                               | 46034 |     0 |    64 |         |        |     |     |
DEBUG: |                                                                                              |
DEBUG: | gtl_module:                                                                                  |
DEBUG: | calc_cut_deltaR                       | 14544 |   288 |     0 | Egamma  | Tau    | 0   | 0   |
DEBUG: | calc_cut_deltaR                       | 28320 |   192 |     0 | Jet     | Muon   | 0   | 0   |
DEBUG: | calc_cut_deltaR                       | 14544 |   288 |     0 | Tau     | Jet    | 0   | 0   |
DEBUG: | calc_cut_deltaR                       |  6440 |    56 |     0 | Muon    | Muon   | 0   | 0   |
DEBUG: | calc_cut_deta                         |  3366 |   0.0 |     0 | Egamma  | Egamma | 0   | 0   |
DEBUG: | calc_cut_mass_inv_pt                  |  9570 |   198 |     0 | Jet     | Jet    | 0   | 0   |
DEBUG: | calc_deta_dphi_integer                |  6468 |     0 |     0 | Jet     | Jet    | 0   | 0   |
DEBUG: | calc_deta_dphi_integer                | 14112 |     0 |     0 | Egamma  | Tau    | 0   | 0   |
DEBUG: | calc_deta_dphi_integer                |  9408 |     0 |     0 | Jet     | Muon   | 0   | 0   |
DEBUG: | calc_deta_dphi_integer                | 14112 |     0 |     0 | Tau     | Jet    | 0   | 0   |
DEBUG: | calc_deta_dphi_integer                |  2744 |     0 |     0 | Muon    | Muon   | 0   | 0   |
DEBUG: | calc_deta_dphi_integer                |  6468 |     0 |     0 | Egamma  | Egamma | 0   | 0   |
DEBUG: | cond_DoubleJET_i347                   |    72 |     0 |     0 |         |        |     |     |
DEBUG: | cond_InvariantMass_i348               |  3702 |     0 |     0 |         |        |     |     |
DEBUG: | cond_QuadJET_i349                     |  1960 |     0 |     0 |         |        |     |     |
DEBUG: | cond_TripleJET_i350                   |   216 |     0 |     0 |         |        |     |     |
DEBUG: | cond_SingleJET_i351                   |    72 |     0 |     0 |         |        |     |     |
DEBUG: | cond_SingleJET_i352                   |    72 |     0 |     0 |         |        |     |     |
DEBUG: | cond_TripleJET_i353                   |   216 |     0 |     0 |         |        |     |     |
DEBUG: | cond_SingleJET_i354                   |    72 |     0 |     0 |         |        |     |     |
DEBUG: | cond_SingleJET_i355                   |    72 |     0 |     0 |         |        |     |     |
DEBUG: | cond_TripleJET_i356                   |   216 |     0 |     0 |         |        |     |     |
DEBUG: | cond_SingleJET_i357                   |    72 |     0 |     0 |         |        |     |     |
DEBUG: | cond_SingleJET_i358                   |    72 |     0 |     0 |         |        |     |     |
DEBUG: | cond_DoubleJET_i359                   |   144 |     0 |     0 |         |        |     |     |
DEBUG: | cond_DoubleJET_i360                   |   144 |     0 |     0 |         |        |     |     |
DEBUG: | cond_DoubleJET_i361                   |   144 |     0 |     0 |         |        |     |     |
DEBUG: | cond_DoubleJET_i362                   |   144 |     0 |     0 |         |        |     |     |
DEBUG: | cond_DoubleJET_i363                   |   144 |     0 |     0 |         |        |     |     |
DEBUG: | cond_DoubleJET_i364                   |   144 |     0 |     0 |         |        |     |     |
DEBUG: | cond_DoubleJET_i365                   |   144 |     0 |     0 |         |        |     |     |
DEBUG: | cond_DoubleJET_i366                   |   144 |     0 |     0 |         |        |     |     |
DEBUG: | cond_DoubleJET_i367                   |   144 |     0 |     0 |         |        |     |     |
DEBUG: | cond_DoubleJET_i368                   |   144 |     0 |     0 |         |        |     |     |
DEBUG: | cond_DoubleJET_i372                   |    72 |     0 |     0 |         |        |     |     |
DEBUG: | cond_InvariantMass_i442               |  3702 |     0 |     0 |         |        |     |     |
DEBUG: | cond_SingleETMHF_i374                 |     4 |     0 |     0 |         |        |     |     |
DEBUG: | cond_DoubleJET_i372                   |    72 |     0 |     0 |         |        |     |     |
DEBUG: | cond_InvariantMass_i341               |  3702 |     0 |     0 |         |        |     |     |
DEBUG: | cond_SingleETMHF_i374                 |     4 |     0 |     0 |         |        |     |     |
DEBUG: | cond_DoubleJET_i340                   |    72 |     0 |     0 |         |        |     |     |
DEBUG: | cond_InvariantMass_i433               |  3702 |     0 |     0 |         |        |     |     |
DEBUG: | cond_DoubleJET_i370                   |    72 |     0 |     0 |         |        |     |     |
DEBUG: | cond_InvariantMass_i348               |  3702 |     0 |     0 |         |        |     |     |
DEBUG: | cond_SingleMU_i371                    |    32 |     0 |     0 |         |        |     |     |
DEBUG: | cond_DoubleJET_i340                   |    72 |     0 |     0 |         |        |     |     |
DEBUG: | cond_InvariantMass_i434               |  3702 |     0 |     0 |         |        |     |     |
DEBUG: | cond_DoubleJET_i370                   |    72 |     0 |     0 |         |        |     |     |
DEBUG: | cond_InvariantMass_i379               |  3702 |     0 |     0 |         |        |     |     |
DEBUG: | cond_SingleMU_i371                    |    32 |     0 |     0 |         |        |     |     |
DEBUG: | cond_DoubleJET_i340                   |    72 |     0 |     0 |         |        |     |     |
DEBUG: | cond_InvariantMass_i435               |  3702 |     0 |     0 |         |        |     |     |
DEBUG: | cond_DoubleJET_i370                   |    72 |     0 |     0 |         |        |     |     |
DEBUG: | cond_InvariantMass_i442               |  3702 |     0 |     0 |         |        |     |     |
DEBUG: | cond_SingleMU_i371                    |    32 |     0 |     0 |         |        |     |     |
DEBUG: | cond_DoubleJET_i340                   |    72 |     0 |     0 |         |        |     |     |
DEBUG: | cond_InvariantMass_i341               |  3702 |     0 |     0 |         |        |     |     |
DEBUG: | cond_DoubleJET_i370                   |    72 |     0 |     0 |         |        |     |     |
DEBUG: | cond_InvariantMass_i341               |  3702 |     0 |     0 |         |        |     |     |
DEBUG: | cond_SingleMU_i371                    |    32 |     0 |     0 |         |        |     |     |
DEBUG: | cond_DoubleJET_i340                   |    72 |     0 |     0 |         |        |     |     |
DEBUG: | cond_InvariantMass_i385               |  3702 |     0 |     0 |         |        |     |     |
DEBUG: | cond_DoubleJET_i370                   |    72 |     0 |     0 |         |        |     |     |
DEBUG: | cond_InvariantMass_i443               |  3702 |     0 |     0 |         |        |     |     |
DEBUG: | cond_SingleMU_i371                    |    32 |     0 |     0 |         |        |     |     |
DEBUG: | cond_DoubleJET_i347                   |    72 |     0 |     0 |         |        |     |     |
DEBUG: | cond_InvariantMass_i379               |  3702 |     0 |     0 |         |        |     |     |
DEBUG: | cond_QuadJET_i349                     |  1960 |     0 |     0 |         |        |     |     |
DEBUG: | cond_TripleJET_i350                   |   216 |     0 |     0 |         |        |     |     |
DEBUG: | cond_SingleJET_i351                   |    72 |     0 |     0 |         |        |     |     |
DEBUG: | cond_SingleJET_i352                   |    72 |     0 |     0 |         |        |     |     |
DEBUG: | cond_TripleJET_i353                   |   216 |     0 |     0 |         |        |     |     |
DEBUG: | cond_SingleJET_i354                   |    72 |     0 |     0 |         |        |     |     |
DEBUG: | cond_SingleJET_i355                   |    72 |     0 |     0 |         |        |     |     |
DEBUG: | cond_TripleJET_i356                   |   216 |     0 |     0 |         |        |     |     |
DEBUG: | cond_SingleJET_i357                   |    72 |     0 |     0 |         |        |     |     |
DEBUG: | cond_SingleJET_i358                   |    72 |     0 |     0 |         |        |     |     |
DEBUG: | cond_DoubleJET_i359                   |   144 |     0 |     0 |         |        |     |     |
DEBUG: | cond_DoubleJET_i360                   |   144 |     0 |     0 |         |        |     |     |
DEBUG: | cond_DoubleJET_i361                   |   144 |     0 |     0 |         |        |     |     |
DEBUG: | cond_DoubleJET_i362                   |   144 |     0 |     0 |         |        |     |     |
DEBUG: | cond_DoubleJET_i363                   |   144 |     0 |     0 |         |        |     |     |
DEBUG: | cond_DoubleJET_i364                   |   144 |     0 |     0 |         |        |     |     |
DEBUG: | cond_DoubleJET_i365                   |   144 |     0 |     0 |         |        |     |     |
DEBUG: | cond_DoubleJET_i366                   |   144 |     0 |     0 |         |        |     |     |
DEBUG: | cond_DoubleJET_i367                   |   144 |     0 |     0 |         |        |     |     |
DEBUG: | cond_DoubleJET_i368                   |   144 |     0 |     0 |         |        |     |     |
DEBUG: | cond_DoubleJET_i347                   |    72 |     0 |     0 |         |        |     |     |
DEBUG: | cond_InvariantMass_i438               |  3702 |     0 |     0 |         |        |     |     |
DEBUG: | cond_QuadJET_i349                     |  1960 |     0 |     0 |         |        |     |     |
DEBUG: | cond_TripleJET_i350                   |   216 |     0 |     0 |         |        |     |     |
DEBUG: | cond_SingleJET_i351                   |    72 |     0 |     0 |         |        |     |     |
DEBUG: | cond_SingleJET_i352                   |    72 |     0 |     0 |         |        |     |     |
DEBUG: | cond_TripleJET_i353                   |   216 |     0 |     0 |         |        |     |     |
DEBUG: | cond_SingleJET_i354                   |    72 |     0 |     0 |         |        |     |     |
DEBUG: | cond_SingleJET_i355                   |    72 |     0 |     0 |         |        |     |     |
DEBUG: | cond_TripleJET_i356                   |   216 |     0 |     0 |         |        |     |     |
DEBUG: | cond_SingleJET_i357                   |    72 |     0 |     0 |         |        |     |     |
DEBUG: | cond_SingleJET_i358                   |    72 |     0 |     0 |         |        |     |     |
DEBUG: | cond_DoubleJET_i359                   |   144 |     0 |     0 |         |        |     |     |
DEBUG: | cond_DoubleJET_i360                   |   144 |     0 |     0 |         |        |     |     |
DEBUG: | cond_DoubleJET_i361                   |   144 |     0 |     0 |         |        |     |     |
DEBUG: | cond_DoubleJET_i362                   |   144 |     0 |     0 |         |        |     |     |
DEBUG: | cond_DoubleJET_i363                   |   144 |     0 |     0 |         |        |     |     |
DEBUG: | cond_DoubleJET_i364                   |   144 |     0 |     0 |         |        |     |     |
DEBUG: | cond_DoubleJET_i365                   |   144 |     0 |     0 |         |        |     |     |
DEBUG: | cond_DoubleJET_i366                   |   144 |     0 |     0 |         |        |     |     |
DEBUG: | cond_DoubleJET_i367                   |   144 |     0 |     0 |         |        |     |     |
DEBUG: | cond_DoubleJET_i368                   |   144 |     0 |     0 |         |        |     |     |
DEBUG: | cond_DoubleJET_i347                   |    72 |     0 |     0 |         |        |     |     |
DEBUG: | cond_InvariantMass_i385               |  3702 |     0 |     0 |         |        |     |     |
DEBUG: | cond_QuadJET_i349                     |  1960 |     0 |     0 |         |        |     |     |
DEBUG: | cond_TripleJET_i350                   |   216 |     0 |     0 |         |        |     |     |
DEBUG: | cond_SingleJET_i351                   |    72 |     0 |     0 |         |        |     |     |
DEBUG: | cond_SingleJET_i352                   |    72 |     0 |     0 |         |        |     |     |
DEBUG: | cond_TripleJET_i353                   |   216 |     0 |     0 |         |        |     |     |
DEBUG: | cond_SingleJET_i354                   |    72 |     0 |     0 |         |        |     |     |
DEBUG: | cond_SingleJET_i355                   |    72 |     0 |     0 |         |        |     |     |
DEBUG: | cond_TripleJET_i356                   |   216 |     0 |     0 |         |        |     |     |
DEBUG: | cond_SingleJET_i357                   |    72 |     0 |     0 |         |        |     |     |
DEBUG: | cond_SingleJET_i358                   |    72 |     0 |     0 |         |        |     |     |
DEBUG: | cond_DoubleJET_i359                   |   144 |     0 |     0 |         |        |     |     |
DEBUG: | cond_DoubleJET_i360                   |   144 |     0 |     0 |         |        |     |     |
DEBUG: | cond_DoubleJET_i361                   |   144 |     0 |     0 |         |        |     |     |
DEBUG: | cond_DoubleJET_i362                   |   144 |     0 |     0 |         |        |     |     |
DEBUG: | cond_DoubleJET_i363                   |   144 |     0 |     0 |         |        |     |     |
DEBUG: | cond_DoubleJET_i364                   |   144 |     0 |     0 |         |        |     |     |
DEBUG: | cond_DoubleJET_i365                   |   144 |     0 |     0 |         |        |     |     |
DEBUG: | cond_DoubleJET_i366                   |   144 |     0 |     0 |         |        |     |     |
DEBUG: | cond_DoubleJET_i367                   |   144 |     0 |     0 |         |        |     |     |
DEBUG: | cond_DoubleJET_i368                   |   144 |     0 |     0 |         |        |     |     |
DEBUG: | cond_DoubleJET_i347                   |    72 |     0 |     0 |         |        |     |     |
DEBUG: | cond_InvariantMass_i439               |  3702 |     0 |     0 |         |        |     |     |
DEBUG: | cond_QuadJET_i349                     |  1960 |     0 |     0 |         |        |     |     |
DEBUG: | cond_TripleJET_i350                   |   216 |     0 |     0 |         |        |     |     |
DEBUG: | cond_SingleJET_i351                   |    72 |     0 |     0 |         |        |     |     |
DEBUG: | cond_SingleJET_i352                   |    72 |     0 |     0 |         |        |     |     |
DEBUG: | cond_TripleJET_i353                   |   216 |     0 |     0 |         |        |     |     |
DEBUG: | cond_SingleJET_i354                   |    72 |     0 |     0 |         |        |     |     |
DEBUG: | cond_SingleJET_i355                   |    72 |     0 |     0 |         |        |     |     |
DEBUG: | cond_TripleJET_i356                   |   216 |     0 |     0 |         |        |     |     |
DEBUG: | cond_SingleJET_i357                   |    72 |     0 |     0 |         |        |     |     |
DEBUG: | cond_SingleJET_i358                   |    72 |     0 |     0 |         |        |     |     |
DEBUG: | cond_DoubleJET_i359                   |   144 |     0 |     0 |         |        |     |     |
DEBUG: | cond_DoubleJET_i360                   |   144 |     0 |     0 |         |        |     |     |
DEBUG: | cond_DoubleJET_i361                   |   144 |     0 |     0 |         |        |     |     |
DEBUG: | cond_DoubleJET_i362                   |   144 |     0 |     0 |         |        |     |     |
DEBUG: | cond_DoubleJET_i363                   |   144 |     0 |     0 |         |        |     |     |
DEBUG: | cond_DoubleJET_i364                   |   144 |     0 |     0 |         |        |     |     |
DEBUG: | cond_DoubleJET_i365                   |   144 |     0 |     0 |         |        |     |     |
DEBUG: | cond_DoubleJET_i366                   |   144 |     0 |     0 |         |        |     |     |
DEBUG: | cond_DoubleJET_i367                   |   144 |     0 |     0 |         |        |     |     |
DEBUG: | cond_DoubleJET_i368                   |   144 |     0 |     0 |         |        |     |     |
DEBUG: | cond_DoubleJET_i372                   |    72 |     0 |     0 |         |        |     |     |
DEBUG: | cond_InvariantMass_i373               |  3702 |     0 |     0 |         |        |     |     |
DEBUG: | cond_SingleETMHF_i374                 |     4 |     0 |     0 |         |        |     |     |
DEBUG: | cond_DoubleJET_i372                   |    72 |     0 |     0 |         |        |     |     |
DEBUG: | cond_InvariantMass_i381               |  3702 |     0 |     0 |         |        |     |     |
DEBUG: | cond_SingleETMHF_i374                 |     4 |     0 |     0 |         |        |     |     |
DEBUG: | cond_DoubleJET_i372                   |    72 |     0 |     0 |         |        |     |     |
DEBUG: | cond_InvariantMass_i348               |  3702 |     0 |     0 |         |        |     |     |
DEBUG: | cond_SingleETMHF_i374                 |     4 |     0 |     0 |         |        |     |     |
DEBUG: | cond_CaloCaloCorrelation_i192         |  4344 |     0 |     0 |         |        |     |     |
DEBUG: | cond_DoubleJET_i112                   |   144 |     0 |     0 |         |        |     |     |
DEBUG: | cond_CaloMuonCorrelation_i113         |  2888 |     0 |     0 |         |        |     |     |
DEBUG: | cond_DoubleJET_i112                   |   144 |     0 |     0 |         |        |     |     |
DEBUG: | cond_QuadJET_i215                     |  1960 |     0 |     0 |         |        |     |     |
DEBUG: | cond_SingleTAU_i216                   |    84 |     0 |     0 |         |        |     |     |
DEBUG: | cond_SingleHTT_i189                   |     4 |     0 |     0 |         |        |     |     |
DEBUG: | cond_QuadJET_i275                     |  1960 |     0 |     0 |         |        |     |     |
DEBUG: | cond_SingleHTT_i191                   |     4 |     0 |     0 |         |        |     |     |
DEBUG: | cond_QuadJET_i278                     |  1960 |     0 |     0 |         |        |     |     |
DEBUG: | cond_DoubleEG_i188                    |   144 |     0 |     0 |         |        |     |     |
DEBUG: | cond_SingleHTT_i190                   |     4 |     0 |     0 |         |        |     |     |
DEBUG: | cond_SingleHTT_i191                   |     4 |     0 |     0 |         |        |     |     |
DEBUG: | cond_DoubleEG_i188                    |   144 |     0 |     0 |         |        |     |     |
DEBUG: | cond_SingleHTT_i191                   |     4 |     0 |     0 |         |        |     |     |
DEBUG: | cond_SingleHTT_i191                   |     4 |     0 |     0 |         |        |     |     |
DEBUG: | cond_QuadJET_i276                     |  1960 |     0 |     0 |         |        |     |     |
DEBUG: | cond_SingleHTT_i189                   |     4 |     0 |     0 |         |        |     |     |
DEBUG: | cond_DoubleEG_i188                    |   144 |     0 |     0 |         |        |     |     |
DEBUG: | cond_SingleHTT_i189                   |     4 |     0 |     0 |         |        |     |     |
DEBUG: | cond_SingleHTT_i191                   |     4 |     0 |     0 |         |        |     |     |
DEBUG: | cond_QuadJET_i277                     |  1960 |     0 |     0 |         |        |     |     |
DEBUG: | cond_DoubleTauOvRm_i446               |  1763 |     0 |     0 |         |        |     |     |
DEBUG: | cond_MuonMuonCorrelation_i50          |   924 |     0 |     0 |         |        |     |     |
DEBUG: | cond_CaloCaloCorrelation_i477         |   408 |     0 |     0 |         |        |     |     |
DEBUG: | cond_DoubleTAU_i200                   |   168 |     0 |     0 |         |        |     |     |
DEBUG: | cond_DoubleTAU_i203                   |   168 |     0 |     0 |         |        |     |     |
DEBUG: | cond_SingleEG_i164                    |    84 |     0 |     0 |         |        |     |     |
DEBUG: | cond_SingleEG_i472                    |    84 |     0 |     0 |         |        |     |     |
DEBUG: | cond_SingleEG_i473                    |    72 |     0 |     0 |         |        |     |     |
DEBUG: | cond_SingleEG_i472                    |    84 |     0 |     0 |         |        |     |     |
DEBUG: | cond_SingleEG_i470                    |    84 |     0 |     0 |         |        |     |     |
DEBUG: | cond_SingleEG_i139                    |    72 |     0 |     0 |         |        |     |     |
DEBUG: | cond_SingleEG_i164                    |    84 |     0 |     0 |         |        |     |     |
DEBUG: | cond_SingleEG_i154                    |    84 |     0 |     0 |         |        |     |     |
DEBUG: | cond_SingleEG_i139                    |    72 |     0 |     0 |         |        |     |     |
DEBUG: | cond_SingleEG_i473                    |    72 |     0 |     0 |         |        |     |     |
DEBUG: | cond_SingleEG_i154                    |    84 |     0 |     0 |         |        |     |     |
DEBUG: | cond_SingleEG_i470                    |    84 |     0 |     0 |         |        |     |     |
DEBUG: | cond_SingleEG_i471                    |    36 |     0 |     0 |         |        |     |     |
DEBUG: | cond_SingleEG_i139                    |    72 |     0 |     0 |         |        |     |     |
DEBUG: | cond_SingleEG_i471                    |    36 |     0 |     0 |         |        |     |     |
DEBUG: | cond_SingleEG_i164                    |    84 |     0 |     0 |         |        |     |     |
DEBUG: | cond_SingleEG_i471                    |    36 |     0 |     0 |         |        |     |     |
DEBUG: | cond_SingleEG_i154                    |    84 |     0 |     0 |         |        |     |     |
DEBUG: | cond_SingleEG_i137                    |    72 |     0 |     0 |         |        |     |     |
DEBUG: | cond_SingleEG_i138                    |    72 |     0 |     0 |         |        |     |     |
DEBUG: | cond_SingleJET_i236                   |    72 |     0 |     0 |         |        |     |     |
DEBUG: | cond_SingleJET_i237                   |    72 |     0 |     0 |         |        |     |     |
DEBUG: | cond_DoubleMU_i95                     |    64 |     0 |     0 |         |        |     |     |
DEBUG: | cond_SingleEG_i96                     |    72 |     0 |     0 |         |        |     |     |
DEBUG: | cond_DoubleMU_i97                     |    64 |     0 |     0 |         |        |     |     |
DEBUG: | cond_SingleEG_i96                     |    72 |     0 |     0 |         |        |     |     |
DEBUG: | cond_DoubleMU_i48                     |   112 |     0 |     0 |         |        |     |     |
DEBUG: | cond_SingleJET_i242                   |   108 |     0 |     0 |         |        |     |     |
DEBUG: | cond_SingleMU_i12                     |    32 |     0 |     0 |         |        |     |     |
DEBUG: | cond_SingleJET_i102                   |    72 |     0 |     0 |         |        |     |     |
DEBUG: | cond_SingleMU_i12                     |    32 |     0 |     0 |         |        |     |     |
DEBUG: | cond_TripleMU_i63                     |    96 |     0 |     0 |         |        |     |     |
DEBUG: | cond_TripleMU_i68                     |    96 |     0 |     0 |         |        |     |     |
DEBUG: | cond_SingleEG_i377                    |    84 |     0 |     0 |         |        |     |     |
DEBUG: | cond_SingleHTT_i273                   |     4 |     0 |     0 |         |        |     |     |
DEBUG: | cond_SingleJET_i272                   |    48 |     0 |     0 |         |        |     |     |
DEBUG: | cond_SingleHTT_i273                   |     4 |     0 |     0 |         |        |     |     |
DEBUG: | cond_SingleHTT_i273                   |     4 |     0 |     0 |         |        |     |     |
DEBUG: | cond_SingleEG_i384                    |    84 |     0 |     0 |         |        |     |     |
DEBUG: | cond_SingleHTT_i273                   |     4 |     0 |     0 |         |        |     |     |
DEBUG: | cond_SingleEG_i157                    |    84 |     0 |     0 |         |        |     |     |
DEBUG: | cond_SingleMU_i27                     |    80 |     0 |     0 |         |        |     |     |
DEBUG: | cond_SingleEG_i136                    |    72 |     0 |     0 |         |        |     |     |
DEBUG: | cond_SingleEG_i144                    |    72 |     0 |     0 |         |        |     |     |
DEBUG: | cond_SingleEG_i461                    |    72 |     0 |     0 |         |        |     |     |
DEBUG: | cond_SingleJET_i226                   |    72 |     0 |     0 |         |        |     |     |
DEBUG: | cond_SingleMU_i337                    |    72 |     0 |     0 |         |        |     |     |
DEBUG: | cond_SingleTAU_i195                   |    72 |     0 |     0 |         |        |     |     |
DEBUG: | cond_DoubleMU_i30                     |    64 |     0 |     0 |         |        |     |     |
DEBUG: | cond_DoubleMU_i36                     |    64 |     0 |     0 |         |        |     |     |
DEBUG: | cond_SingleMU_i386                    |    56 |     0 |     0 |         |        |     |     |
DEBUG: | cond_SingleMU_i344                    |    56 |     0 |     0 |         |        |     |     |
DEBUG: | cond_SingleMU_i421                    |    56 |     0 |     0 |         |        |     |     |
DEBUG: | cond_SingleMU_i423                    |    56 |     0 |     0 |         |        |     |     |
DEBUG: | cond_SingleMU_i402                    |    56 |     0 |     0 |         |        |     |     |
DEBUG: | cond_SingleMU_i1                      |    48 |     0 |     0 |         |        |     |     |
DEBUG: | cond_SingleEG_i149                    |    36 |     0 |     0 |         |        |     |     |
DEBUG: | cond_SingleJET_i219                   |    36 |     0 |     0 |         |        |     |     |
DEBUG: | cond_SingleMU_i23                     |    32 |     0 |     0 |         |        |     |     |
DEBUG: | cond_CicadaTrigger_i409               |     4 |     0 |     0 |         |        |     |     |
DEBUG: | cond_CicadaTrigger_i408               |     4 |     0 |     0 |         |        |     |     |
DEBUG: | cond_SingleETM_i284                   |     4 |     0 |     0 |         |        |     |     |
DEBUG: | cond_SingleHTMHF_i403                 |     4 |     0 |     0 |         |        |     |     |
DEBUG: | cond_SingleHTT_i279                   |     4 |     0 |     0 |         |        |     |     |
DEBUG: | cond_SingleEXT_i322                   |     0 |     0 |     0 |         |        |     |     |
DEBUG: | cond_SingleEXT_i325                   |     0 |     0 |     0 |         |        |     |     |
DEBUG: | cond_SingleEXT_i305                   |     0 |     0 |     0 |         |        |     |     |
DEBUG: | cond_SingleEXT_i304                   |     0 |     0 |     0 |         |        |     |     |
DEBUG: | cond_SingleEXT_i304                   |     0 |     0 |     0 |         |        |     |     |
DEBUG: | cond_SingleEXT_i305                   |     0 |     0 |     0 |         |        |     |     |
DEBUG: | cond_SingleEXT_i305                   |     0 |     0 |     0 |         |        |     |     |
DEBUG: | cond_SingleEXT_i304                   |     0 |     0 |     0 |         |        |     |     |
DEBUG: | cond_SingleEXT_i307                   |     0 |     0 |     0 |         |        |     |     |
DEBUG: |----------------------------------------------------------------------------------------------|
DEBUG: |                                                                                              |
DEBUG: | module_1:                                                                                    |
DEBUG: |                                                                                              |
DEBUG: | instantiation name                    | sLUTs | DSPs  | BRAMs | obj 1   | obj 2  | bx 1| bx 2|
DEBUG: |---------------------------------------|-------|-------|-------|---------|--------|-----|-----|
DEBUG: | ctrl, datapath, infra, readout, ttc:                                                         |
DEBUG: | summary                               | 39100 |     0 |   216 |         |        |     |     |
DEBUG: |                                                                                              |
DEBUG: | frame:                                                                                       |
DEBUG: | summary                               |  4221 |     0 |   356 |         |        |     |     |
DEBUG: |                                                                                              |
DEBUG: | fdl_module:                                                                                  |
DEBUG: | base                                  | 16800 |     0 |    64 |         |        |     |     |
DEBUG: | slices                                | 26746 |     0 |     0 |         |        |     |     |
DEBUG: | summary                               | 43546 |     0 |    64 |         |        |     |     |
DEBUG: |                                                                                              |
DEBUG: | gtl_module:                                                                                  |
DEBUG: | calc_cut_deltaR                       | 14544 |   288 |     0 | Jet     | Tau    | 0   | 0   |
DEBUG: | calc_cut_deltaR                       | 14544 |   288 |     0 | Jet     | Egamma | 0   | 0   |
DEBUG: | calc_cut_deltaR                       | 28320 |   192 |     0 | Jet     | Muon   | 0   | 0   |
DEBUG: | calc_cut_deltaR                       |  6666 |   132 |     0 | Egamma  | Egamma | 0   | 0   |
DEBUG: | calc_cut_deltaR                       | 14544 |   288 |     0 | Tau     | Jet    | 0   | 0   |
DEBUG: | calc_cut_deta                         |  3366 |   0.0 |     0 | Jet     | Jet    | 0   | 0   |
DEBUG: | calc_cut_deta                         |  3366 |   0.0 |     0 | Egamma  | Egamma | 0   | 0   |
DEBUG: | calc_cut_dphi                         |   600 |     0 |     0 | Jet     | ETMHF  | 0   | 0   |
DEBUG: | calc_cut_mass_inv_pt                  |  9570 |   198 |     0 | Jet     | Jet    | 0   | 0   |
DEBUG: | calc_cut_mass_inv_pt                  |  8988 |    84 |     0 | Muon    | Muon   | 0   | 0   |
DEBUG: | calc_deta_dphi_integer                |  6468 |     0 |     0 | Jet     | Jet    | 0   | 0   |
DEBUG: | calc_deta_dphi_integer                | 14112 |     0 |     0 | Jet     | Tau    | 0   | 0   |
DEBUG: | calc_deta_dphi_integer                | 14112 |     0 |     0 | Jet     | Egamma | 0   | 0   |
DEBUG: | calc_deta_dphi_integer                |  9408 |     0 |     0 | Jet     | Muon   | 0   | 0   |
DEBUG: | calc_deta_dphi_integer                |  6468 |     0 |     0 | Egamma  | Egamma | 0   | 0   |
DEBUG: | calc_deta_dphi_integer                | 14112 |     0 |     0 | Tau     | Jet    | 0   | 0   |
DEBUG: | calc_deta_dphi_integer                |  2744 |     0 |     0 | Muon    | Muon   | 0   | 0   |
DEBUG: | calc_deta_dphi_integer                |   516 |     0 |     0 | Jet     | ETMHF  | 0   | 0   |
DEBUG: | calc_ml_instance                      |  2685 |     0 |     0 | Axol1tl | v5     |
DEBUG: | cond_InvariantMassOvRm_i346           |  5307 |     0 |     0 |         |        |     |     |
DEBUG: | cond_InvariantMassOvRm_i440           |  5307 |     0 |     0 |         |        |     |     |
DEBUG: | cond_InvariantMass_i253               |  4038 |     0 |     0 |         |        |     |     |
DEBUG: | cond_InvariantMass_i256               |  4038 |     0 |     0 |         |        |     |     |
DEBUG: | cond_CaloMuonCorrelation_i124         |  2912 |     0 |     0 |         |        |     |     |
DEBUG: | cond_CaloCaloCorrelation_i125         |   408 |     0 |     0 |         |        |     |     |
DEBUG: | cond_CaloMuonCorrelation_i114         |  2888 |     0 |     0 |         |        |     |     |
DEBUG: | cond_QuadJET_i263                     |  1816 |     0 |     0 |         |        |     |     |
DEBUG: | cond_DoubleJET_i258                   |   144 |     0 |     0 |         |        |     |     |
DEBUG: | cond_SingleJET_i264                   |    72 |     0 |     0 |         |        |     |     |
DEBUG: | cond_SingleJET_i265                   |    72 |     0 |     0 |         |        |     |     |
DEBUG: | cond_TripleJET_i257                   |   108 |     0 |     0 |         |        |     |     |
DEBUG: | cond_DoubleJET_i258                   |   144 |     0 |     0 |         |        |     |     |
DEBUG: | cond_CaloCaloCorrelation_i475         |  2058 |     0 |     0 |         |        |     |     |
DEBUG: | cond_DoubleTauOvRm_i478               |  1763 |     0 |     0 |         |        |     |     |
DEBUG: | cond_InvariantMass_i60                |  1428 |     0 |     0 |         |        |     |     |
DEBUG: | cond_CaloCaloCorrelation_i426         |   408 |     0 |     0 |         |        |     |     |
DEBUG: | cond_DoubleMU_i128                    |    64 |     0 |     0 |         |        |     |     |
DEBUG: | cond_SingleETMHF_i117                 |     4 |     0 |     0 |         |        |     |     |
DEBUG: | cond_SingleJET_i130                   |    72 |     0 |     0 |         |        |     |     |
DEBUG: | cond_DoubleJET_i131                   |   144 |     0 |     0 |         |        |     |     |
DEBUG: | cond_SingleETMHF_i286                 |     4 |     0 |     0 |         |        |     |     |
DEBUG: | cond_DoubleMU_i128                    |    64 |     0 |     0 |         |        |     |     |
DEBUG: | cond_SingleETMHF_i119                 |     4 |     0 |     0 |         |        |     |     |
DEBUG: | cond_SingleJET_i130                   |    72 |     0 |     0 |         |        |     |     |
DEBUG: | cond_DoubleJET_i131                   |   144 |     0 |     0 |         |        |     |     |
DEBUG: | cond_SingleMU_i115                    |    56 |     0 |     0 |         |        |     |     |
DEBUG: | cond_SingleJET_i116                   |    72 |     0 |     0 |         |        |     |     |
DEBUG: | cond_SingleETMHF_i119                 |     4 |     0 |     0 |         |        |     |     |
DEBUG: | cond_SingleETMHF_i286                 |     4 |     0 |     0 |         |        |     |     |
DEBUG: | cond_SingleHTT_i129                   |     4 |     0 |     0 |         |        |     |     |
DEBUG: | cond_DoubleMU_i128                    |    64 |     0 |     0 |         |        |     |     |
DEBUG: | cond_SingleETMHF_i132                 |     4 |     0 |     0 |         |        |     |     |
DEBUG: | cond_SingleJET_i130                   |    72 |     0 |     0 |         |        |     |     |
DEBUG: | cond_SingleETMHF_i243                 |     4 |     0 |     0 |         |        |     |     |
DEBUG: | cond_DoubleMU_i128                    |    64 |     0 |     0 |         |        |     |     |
DEBUG: | cond_SingleHTT_i133                   |     4 |     0 |     0 |         |        |     |     |
DEBUG: | cond_SingleETMHF_i243                 |     4 |     0 |     0 |         |        |     |     |
DEBUG: | cond_SingleHTT_i129                   |     4 |     0 |     0 |         |        |     |     |
DEBUG: | cond_SingleETMHF_i243                 |     4 |     0 |     0 |         |        |     |     |
DEBUG: | cond_CaloEsumCorrelation_i244         |    74 |     0 |     0 |         |        |     |     |
DEBUG: | cond_SingleETMHF_i287                 |     4 |     0 |     0 |         |        |     |     |
DEBUG: | cond_SingleETMHF_i243                 |     4 |     0 |     0 |         |        |     |     |
DEBUG: | cond_CaloEsumCorrelation_i245         |    74 |     0 |     0 |         |        |     |     |
DEBUG: | cond_SingleETMHF_i287                 |     4 |     0 |     0 |         |        |     |     |
DEBUG: | cond_SingleHTT_i129                   |     4 |     0 |     0 |         |        |     |     |
DEBUG: | cond_DoubleJET_i131                   |   144 |     0 |     0 |         |        |     |     |
DEBUG: | cond_SingleJET_i218                   |    36 |     0 |     0 |         |        |     |     |
DEBUG: | cond_SingleETMHF_i246                 |     4 |     0 |     0 |         |        |     |     |
DEBUG: | cond_SingleETMHF_i288                 |     4 |     0 |     0 |         |        |     |     |
DEBUG: | cond_SingleETMHF_i246                 |     4 |     0 |     0 |         |        |     |     |
DEBUG: | cond_SingleHTT_i129                   |     4 |     0 |     0 |         |        |     |     |
DEBUG: | cond_SingleETMHF_i288                 |     4 |     0 |     0 |         |        |     |     |
DEBUG: | cond_SingleHTT_i129                   |     4 |     0 |     0 |         |        |     |     |
DEBUG: | cond_SingleJET_i468                   |    72 |     0 |     0 |         |        |     |     |
DEBUG: | cond_SingleETMHF_i246                 |     4 |     0 |     0 |         |        |     |     |
DEBUG: | cond_CaloEsumCorrelation_i247         |    74 |     0 |     0 |         |        |     |     |
DEBUG: | cond_SingleETMHF_i289                 |     4 |     0 |     0 |         |        |     |     |
DEBUG: | cond_DoubleMU_i128                    |    64 |     0 |     0 |         |        |     |     |
DEBUG: | cond_SingleETMHF_i117                 |     4 |     0 |     0 |         |        |     |     |
DEBUG: | cond_SingleHTT_i129                   |     4 |     0 |     0 |         |        |     |     |
DEBUG: | cond_SingleJET_i130                   |    72 |     0 |     0 |         |        |     |     |
DEBUG: | cond_SingleJET_i468                   |    72 |     0 |     0 |         |        |     |     |
DEBUG: | cond_SingleETMHF_i246                 |     4 |     0 |     0 |         |        |     |     |
DEBUG: | cond_CaloEsumCorrelation_i248         |    74 |     0 |     0 |         |        |     |     |
DEBUG: | cond_SingleETMHF_i289                 |     4 |     0 |     0 |         |        |     |     |
DEBUG: | cond_SingleHTT_i129                   |     4 |     0 |     0 |         |        |     |     |
DEBUG: | cond_SingleJET_i469                   |    72 |     0 |     0 |         |        |     |     |
DEBUG: | cond_SingleJET_i130                   |    72 |     0 |     0 |         |        |     |     |
DEBUG: | cond_SingleETMHF_i290                 |     4 |     0 |     0 |         |        |     |     |
DEBUG: | cond_DoubleMU_i128                    |    64 |     0 |     0 |         |        |     |     |
DEBUG: | cond_SingleETMHF_i118                 |     4 |     0 |     0 |         |        |     |     |
DEBUG: | cond_SingleHTT_i129                   |     4 |     0 |     0 |         |        |     |     |
DEBUG: | cond_SingleJET_i218                   |    36 |     0 |     0 |         |        |     |     |
DEBUG: | cond_SingleJET_i469                   |    72 |     0 |     0 |         |        |     |     |
DEBUG: | cond_SingleETMHF_i290                 |     4 |     0 |     0 |         |        |     |     |
DEBUG: | cond_SingleHTT_i129                   |     4 |     0 |     0 |         |        |     |     |
DEBUG: | cond_DoubleMU_i128                    |    64 |     0 |     0 |         |        |     |     |
DEBUG: | cond_SingleETMHF_i118                 |     4 |     0 |     0 |         |        |     |     |
DEBUG: | cond_SingleJET_i130                   |    72 |     0 |     0 |         |        |     |     |
DEBUG: | cond_DoubleJET_i131                   |   144 |     0 |     0 |         |        |     |     |
DEBUG: | cond_DoubleMU_i128                    |    64 |     0 |     0 |         |        |     |     |
DEBUG: | cond_SingleETMHF_i119                 |     4 |     0 |     0 |         |        |     |     |
DEBUG: | cond_SingleHTT_i129                   |     4 |     0 |     0 |         |        |     |     |
DEBUG: | cond_SingleMU_i115                    |    56 |     0 |     0 |         |        |     |     |
DEBUG: | cond_SingleJET_i116                   |    72 |     0 |     0 |         |        |     |     |
DEBUG: | cond_SingleETMHF_i117                 |     4 |     0 |     0 |         |        |     |     |
DEBUG: | cond_DoubleMU_i128                    |    64 |     0 |     0 |         |        |     |     |
DEBUG: | cond_SingleETMHF_i119                 |     4 |     0 |     0 |         |        |     |     |
DEBUG: | cond_SingleJET_i130                   |    72 |     0 |     0 |         |        |     |     |
DEBUG: | cond_SingleMU_i115                    |    56 |     0 |     0 |         |        |     |     |
DEBUG: | cond_SingleJET_i116                   |    72 |     0 |     0 |         |        |     |     |
DEBUG: | cond_SingleETMHF_i118                 |     4 |     0 |     0 |         |        |     |     |
DEBUG: | cond_QuadMU_i82                       |   128 |     0 |     0 |         |        |     |     |
DEBUG: | cond_DoubleMU_i59                     |   113 |     0 |     0 |         |        |     |     |
DEBUG: | cond_SingleJET_i241                   |   108 |     0 |     0 |         |        |     |     |
DEBUG: | cond_SingleMU_i21                     |    32 |     0 |     0 |         |        |     |     |
DEBUG: | cond_SingleEG_i87                     |    72 |     0 |     0 |         |        |     |     |
DEBUG: | cond_SingleMU_i21                     |    32 |     0 |     0 |         |        |     |     |
DEBUG: | cond_SingleEG_i87                     |    72 |     0 |     0 |         |        |     |     |
DEBUG: | cond_TripleMU_i65                     |    96 |     0 |     0 |         |        |     |     |
DEBUG: | cond_TripleMU_i72                     |    96 |     0 |     0 |         |        |     |     |
DEBUG: | cond_SingleEG_i159                    |    84 |     0 |     0 |         |        |     |     |
DEBUG: | cond_SingleEG_i165                    |    84 |     0 |     0 |         |        |     |     |
DEBUG: | cond_SingleEG_i169                    |    84 |     0 |     0 |         |        |     |     |
DEBUG: | cond_SingleEG_i156                    |    84 |     0 |     0 |         |        |     |     |
DEBUG: | cond_SingleMU_i10                     |    80 |     0 |     0 |         |        |     |     |
DEBUG: | cond_SingleMU_i7                      |    80 |     0 |     0 |         |        |     |     |
DEBUG: | cond_SingleEG_i140                    |    72 |     0 |     0 |         |        |     |     |
DEBUG: | cond_SingleEG_i146                    |    72 |     0 |     0 |         |        |     |     |
DEBUG: | cond_SingleJET_i343                   |    72 |     0 |     0 |         |        |     |     |
DEBUG: | cond_SingleJET_i342                   |    72 |     0 |     0 |         |        |     |     |
DEBUG: | cond_SingleMU_i397                    |    72 |     0 |     0 |         |        |     |     |
DEBUG: | cond_DoubleMU_i32                     |    65 |     0 |     0 |         |        |     |     |
DEBUG: | cond_DoubleMU_i31                     |    64 |     0 |     0 |         |        |     |     |
DEBUG: | cond_DoubleMU_i38                     |    64 |     0 |     0 |         |        |     |     |
DEBUG: | cond_SingleMU_i388                    |    56 |     0 |     0 |         |        |     |     |
DEBUG: | cond_SingleMU_i25                     |    56 |     0 |     0 |         |        |     |     |
DEBUG: | cond_SingleMU_i418                    |    56 |     0 |     0 |         |        |     |     |
DEBUG: | cond_SingleMU_i400                    |    56 |     0 |     0 |         |        |     |     |
DEBUG: | cond_SingleJET_i270                   |    48 |     0 |     0 |         |        |     |     |
DEBUG: | cond_SingleHTT_i271                   |     4 |     0 |     0 |         |        |     |     |
DEBUG: | cond_SingleHTT_i271                   |     4 |     0 |     0 |         |        |     |     |
DEBUG: | cond_SingleJET_i221                   |    36 |     0 |     0 |         |        |     |     |
DEBUG: | cond_SingleMU_i19                     |    32 |     0 |     0 |         |        |     |     |
DEBUG: | cond_SingleMU_i28                     |    32 |     0 |     0 |         |        |     |     |
DEBUG: | cond_Axol1tlTrigger_i414              |    15 |     0 |     0 |         |        |     |     |
DEBUG: | cond_Axol1tlTrigger_i427              |    15 |     0 |     0 |         |        |     |     |
DEBUG: | cond_Axol1tlTrigger_i415              |    15 |     0 |     0 |         |        |     |     |
DEBUG: | cond_Axol1tlTrigger_i413              |    15 |     0 |     0 |         |        |     |     |
DEBUG: | cond_Axol1tlTrigger_i416              |    15 |     0 |     0 |         |        |     |     |
DEBUG: | cond_Axol1tlTrigger_i428              |    15 |     0 |     0 |         |        |     |     |
DEBUG: | cond_Axol1tlTrigger_i429              |    15 |     0 |     0 |         |        |     |     |
DEBUG: |----------------------------------------------------------------------------------------------|
DEBUG: |                                                                                              |
DEBUG: | module_2:                                                                                    |
DEBUG: |                                                                                              |
DEBUG: | instantiation name                    | sLUTs | DSPs  | BRAMs | obj 1   | obj 2  | bx 1| bx 2|
DEBUG: |---------------------------------------|-------|-------|-------|---------|--------|-----|-----|
DEBUG: | ctrl, datapath, infra, readout, ttc:                                                         |
DEBUG: | summary                               | 39100 |     0 |   216 |         |        |     |     |
DEBUG: |                                                                                              |
DEBUG: | frame:                                                                                       |
DEBUG: | summary                               |  4221 |     0 |   356 |         |        |     |     |
DEBUG: |                                                                                              |
DEBUG: | fdl_module:                                                                                  |
DEBUG: | base                                  | 16800 |     0 |    64 |         |        |     |     |
DEBUG: | slices                                | 23947 |     0 |     0 |         |        |     |     |
DEBUG: | summary                               | 40747 |     0 |    64 |         |        |     |     |
DEBUG: |                                                                                              |
DEBUG: | gtl_module:                                                                                  |
DEBUG: | calc_cut_deltaR                       | 14544 |   288 |     0 | Jet     | Egamma | 0   | 0   |
DEBUG: | calc_cut_deltaR                       | 14544 |   288 |     0 | Jet     | Tau    | 0   | 0   |
DEBUG: | calc_cut_deltaR                       |  6440 |    56 |     0 | Muon    | Muon   | 0   | 0   |
DEBUG: | calc_cut_deltaR                       | 28320 |   192 |     0 | Jet     | Muon   | 0   | 0   |
DEBUG: | calc_cut_deltaR                       |  6666 |   132 |     0 | Egamma  | Egamma | 0   | 0   |
DEBUG: | calc_cut_deltaR                       | 14544 |   288 |     0 | Tau     | Jet    | 0   | 0   |
DEBUG: | calc_cut_deta                         |  3366 |   0.0 |     0 | Jet     | Jet    | 0   | 0   |
DEBUG: | calc_cut_deta                         |  2492 |   0.0 |     0 | Muon    | Muon   | 0   | 0   |
DEBUG: | calc_cut_dphi                         |  3948 |   0.0 |     0 | Muon    | Muon   | 0   | 0   |
DEBUG: | calc_cut_mass_inv_pt                  |  9570 |   198 |     0 | Jet     | Jet    | 0   | 0   |
DEBUG: | calc_cut_mass_inv_pt                  |  8988 |    84 |     0 | Muon    | Muon   | 0   | 0   |
DEBUG: | calc_cut_mass_inv_pt                  |   552 |    36 |     0 | Egamma  | ETM    | 0   | 0   |
DEBUG: | calc_deta_dphi_integer                |  6468 |     0 |     0 | Jet     | Jet    | 0   | 0   |
DEBUG: | calc_deta_dphi_integer                | 14112 |     0 |     0 | Jet     | Egamma | 0   | 0   |
DEBUG: | calc_deta_dphi_integer                | 14112 |     0 |     0 | Jet     | Tau    | 0   | 0   |
DEBUG: | calc_deta_dphi_integer                |  2744 |     0 |     0 | Muon    | Muon   | 0   | 0   |
DEBUG: | calc_deta_dphi_integer                |  9408 |     0 |     0 | Jet     | Muon   | 0   | 0   |
DEBUG: | calc_deta_dphi_integer                |  6468 |     0 |     0 | Egamma  | Egamma | 0   | 0   |
DEBUG: | calc_deta_dphi_integer                | 14112 |     0 |     0 | Tau     | Jet    | 0   | 0   |
DEBUG: | calc_deta_dphi_integer                |   516 |     0 |     0 | Egamma  | ETM    | 0   | 0   |
DEBUG: | cond_InvariantMassOvRm_i369           |  5307 |     0 |     0 |         |        |     |     |
DEBUG: | cond_InvariantMassOvRm_i437           |  5307 |     0 |     0 |         |        |     |     |
DEBUG: | cond_InvariantMass_i254               |  4038 |     0 |     0 |         |        |     |     |
DEBUG: | cond_MuonMuonCorrelation_i126         |   876 |     0 |     0 |         |        |     |     |
DEBUG: | cond_CaloMuonCorrelation_i127         |  2888 |     0 |     0 |         |        |     |     |
DEBUG: | cond_CaloCaloCorrelation_i425         |  2058 |     0 |     0 |         |        |     |     |
DEBUG: | cond_DoubleTauOvRm_i480               |  1763 |     0 |     0 |         |        |     |     |
DEBUG: | cond_TripleMU_i71                     |    96 |     0 |     0 |         |        |     |     |
DEBUG: | cond_InvariantMass_i76                |  1380 |     0 |     0 |         |        |     |     |
DEBUG: | cond_TripleMU_i71                     |    96 |     0 |     0 |         |        |     |     |
DEBUG: | cond_TripleMU_i77                     |    96 |     0 |     0 |         |        |     |     |
DEBUG: | cond_InvariantMass_i76                |  1380 |     0 |     0 |         |        |     |     |
DEBUG: | cond_InvariantMass3_i69               |   909 |   112 |     0 |         |        |     |     |
DEBUG: | cond_MuonMuonCorrelation_i392         |   876 |     0 |     0 |         |        |     |     |
DEBUG: | cond_TransverseMass_i172              |   746 |     0 |     0 |         |        |     |     |
DEBUG: | cond_CaloCaloCorrelation_i252         |   408 |     0 |     0 |         |        |     |     |
DEBUG: | cond_MuonMuonCorrelation_i382         |   392 |     0 |     0 |         |        |     |     |
DEBUG: | cond_DoubleEG_i182                    |   168 |     0 |     0 |         |        |     |     |
DEBUG: | cond_DoubleEG_i184                    |   168 |     0 |     0 |         |        |     |     |
DEBUG: | cond_DoubleTAU_i198                   |   168 |     0 |     0 |         |        |     |     |
DEBUG: | cond_DoubleTAU_i201                   |   168 |     0 |     0 |         |        |     |     |
DEBUG: | cond_DoubleEG_i186                    |   168 |     0 |     0 |         |        |     |     |
DEBUG: | cond_SingleEG_i152                    |    84 |     0 |     0 |         |        |     |     |
DEBUG: | cond_SingleEG_i153                    |    84 |     0 |     0 |         |        |     |     |
DEBUG: | cond_DoubleEG_i180                    |   156 |     0 |     0 |         |        |     |     |
DEBUG: | cond_DoubleEG_i463                    |   144 |     0 |     0 |         |        |     |     |
DEBUG: | cond_SingleMU_i297                    |    56 |     0 |     0 |         |        |     |     |
DEBUG: | cond_SingleEXT_i295                   |     0 |     0 |     0 |         |        |     |     |
DEBUG: | cond_SingleEXT_i293                   |     0 |     0 |     0 |         |        |     |     |
DEBUG: | cond_SingleEXT_i296                   |     0 |     0 |     0 |         |        |     |     |
DEBUG: | cond_SingleEXT_i313                   |     0 |     0 |     0 |         |        |     |     |
DEBUG: | cond_SingleEXT_i312                   |     0 |     0 |     0 |         |        |     |     |
DEBUG: | cond_SingleEXT_i301                   |     0 |     0 |     0 |         |        |     |     |
DEBUG: | cond_SingleEXT_i296                   |     0 |     0 |     0 |         |        |     |     |
DEBUG: | cond_SingleEXT_i309                   |     0 |     0 |     0 |         |        |     |     |
DEBUG: | cond_SingleEG_i459                    |    36 |     0 |     0 |         |        |     |     |
DEBUG: | cond_SingleJET_i452                   |    72 |     0 |     0 |         |        |     |     |
DEBUG: | cond_SingleEXT_i301                   |     0 |     0 |     0 |         |        |     |     |
DEBUG: | cond_SingleMU_i294                    |    56 |     0 |     0 |         |        |     |     |
DEBUG: | cond_SingleEXT_i295                   |     0 |     0 |     0 |         |        |     |     |
DEBUG: | cond_SingleEXT_i293                   |     0 |     0 |     0 |         |        |     |     |
DEBUG: | cond_SingleEXT_i296                   |     0 |     0 |     0 |         |        |     |     |
DEBUG: | cond_SingleEG_i459                    |    36 |     0 |     0 |         |        |     |     |
DEBUG: | cond_SingleEXT_i301                   |     0 |     0 |     0 |         |        |     |     |
DEBUG: | cond_SingleEXT_i293                   |     0 |     0 |     0 |         |        |     |     |
DEBUG: | cond_SingleJET_i449                   |    36 |     0 |     0 |         |        |     |     |
DEBUG: | cond_SingleEXT_i301                   |     0 |     0 |     0 |         |        |     |     |
DEBUG: | cond_SingleEXT_i301                   |     0 |     0 |     0 |         |        |     |     |
DEBUG: | cond_SingleEXT_i301                   |     0 |     0 |     0 |         |        |     |     |
DEBUG: | cond_SingleJET_i454                   |    72 |     0 |     0 |         |        |     |     |
DEBUG: | cond_SingleEXT_i301                   |     0 |     0 |     0 |         |        |     |     |
DEBUG: | cond_SingleJET_i299                   |    72 |     0 |     0 |         |        |     |     |
DEBUG: | cond_SingleEXT_i295                   |     0 |     0 |     0 |         |        |     |     |
DEBUG: | cond_SingleEXT_i293                   |     0 |     0 |     0 |         |        |     |     |
DEBUG: | cond_SingleEXT_i296                   |     0 |     0 |     0 |         |        |     |     |
DEBUG: | cond_SingleJET_i300                   |    72 |     0 |     0 |         |        |     |     |
DEBUG: | cond_SingleEXT_i295                   |     0 |     0 |     0 |         |        |     |     |
DEBUG: | cond_SingleEXT_i293                   |     0 |     0 |     0 |         |        |     |     |
DEBUG: | cond_SingleEXT_i296                   |     0 |     0 |     0 |         |        |     |     |
DEBUG: | cond_DoubleEG_i462                    |    72 |     0 |     0 |         |        |     |     |
DEBUG: | cond_SingleEXT_i301                   |     0 |     0 |     0 |         |        |     |     |
DEBUG: | cond_SingleEXT_i308                   |     0 |     0 |     0 |         |        |     |     |
DEBUG: | cond_SingleEXT_i312                   |     0 |     0 |     0 |         |        |     |     |
DEBUG: | cond_SingleEXT_i301                   |     0 |     0 |     0 |         |        |     |     |
DEBUG: | cond_SingleEXT_i310                   |     0 |     0 |     0 |         |        |     |     |
DEBUG: | cond_SingleEXT_i311                   |     0 |     0 |     0 |         |        |     |     |
DEBUG: | cond_DoubleEG_i462                    |    72 |     0 |     0 |         |        |     |     |
DEBUG: | cond_SingleEXT_i301                   |     0 |     0 |     0 |         |        |     |     |
DEBUG: | cond_SingleEXT_i301                   |     0 |     0 |     0 |         |        |     |     |
DEBUG: | cond_SingleEXT_i313                   |     0 |     0 |     0 |         |        |     |     |
DEBUG: | cond_SingleEXT_i312                   |     0 |     0 |     0 |         |        |     |     |
DEBUG: | cond_SingleEXT_i301                   |     0 |     0 |     0 |         |        |     |     |
DEBUG: | cond_SingleEXT_i310                   |     0 |     0 |     0 |         |        |     |     |
DEBUG: | cond_SingleEXT_i309                   |     0 |     0 |     0 |         |        |     |     |
DEBUG: | cond_SingleJET_i450                   |    36 |     0 |     0 |         |        |     |     |
DEBUG: | cond_SingleEXT_i301                   |     0 |     0 |     0 |         |        |     |     |
DEBUG: | cond_SingleMBT0HFP_i302               |     4 |     0 |     0 |         |        |     |     |
DEBUG: | cond_SingleMBT0HFM_i303               |     4 |     0 |     0 |         |        |     |     |
DEBUG: | cond_SingleJET_i455                   |    72 |     0 |     0 |         |        |     |     |
DEBUG: | cond_SingleEXT_i301                   |     0 |     0 |     0 |         |        |     |     |
DEBUG: | cond_SingleMBT0HFP_i302               |     4 |     0 |     0 |         |        |     |     |
DEBUG: | cond_SingleMBT0HFM_i303               |     4 |     0 |     0 |         |        |     |     |
DEBUG: | cond_SingleEXT_i301                   |     0 |     0 |     0 |         |        |     |     |
DEBUG: | cond_DoubleEG_i463                    |   144 |     0 |     0 |         |        |     |     |
DEBUG: | cond_SingleEXT_i301                   |     0 |     0 |     0 |         |        |     |     |
DEBUG: | cond_SingleJET_i298                   |    72 |     0 |     0 |         |        |     |     |
DEBUG: | cond_SingleEXT_i293                   |     0 |     0 |     0 |         |        |     |     |
DEBUG: | cond_SingleMU_i4                      |    32 |     0 |     0 |         |        |     |     |
DEBUG: | cond_DoubleEG_i464                    |    72 |     0 |     0 |         |        |     |     |
DEBUG: | cond_SingleEXT_i301                   |     0 |     0 |     0 |         |        |     |     |
DEBUG: | cond_SingleEG_i458                    |    36 |     0 |     0 |         |        |     |     |
DEBUG: | cond_SingleJET_i298                   |    72 |     0 |     0 |         |        |     |     |
DEBUG: | cond_SingleEXT_i295                   |     0 |     0 |     0 |         |        |     |     |
DEBUG: | cond_SingleEXT_i293                   |     0 |     0 |     0 |         |        |     |     |
DEBUG: | cond_SingleEXT_i296                   |     0 |     0 |     0 |         |        |     |     |
DEBUG: | cond_DoubleEG_i466                    |   144 |     0 |     0 |         |        |     |     |
DEBUG: | cond_SingleEXT_i301                   |     0 |     0 |     0 |         |        |     |     |
DEBUG: | cond_SingleEXT_i313                   |     0 |     0 |     0 |         |        |     |     |
DEBUG: | cond_SingleEXT_i312                   |     0 |     0 |     0 |         |        |     |     |
DEBUG: | cond_SingleEXT_i293                   |     0 |     0 |     0 |         |        |     |     |
DEBUG: | cond_SingleEXT_i296                   |     0 |     0 |     0 |         |        |     |     |
DEBUG: | cond_SingleEXT_i309                   |     0 |     0 |     0 |         |        |     |     |
DEBUG: | cond_SingleJET_i451                   |    36 |     0 |     0 |         |        |     |     |
DEBUG: | cond_SingleEXT_i301                   |     0 |     0 |     0 |         |        |     |     |
DEBUG: | cond_SingleJET_i448                   |    36 |     0 |     0 |         |        |     |     |
DEBUG: | cond_SingleEXT_i301                   |     0 |     0 |     0 |         |        |     |     |
DEBUG: | cond_DoubleEG_i465                    |    72 |     0 |     0 |         |        |     |     |
DEBUG: | cond_SingleEXT_i301                   |     0 |     0 |     0 |         |        |     |     |
DEBUG: | cond_SingleEG_i458                    |    36 |     0 |     0 |         |        |     |     |
DEBUG: | cond_SingleEXT_i301                   |     0 |     0 |     0 |         |        |     |     |
DEBUG: | cond_SingleEXT_i308                   |     0 |     0 |     0 |         |        |     |     |
DEBUG: | cond_SingleEXT_i295                   |     0 |     0 |     0 |         |        |     |     |
DEBUG: | cond_SingleEXT_i293                   |     0 |     0 |     0 |         |        |     |     |
DEBUG: | cond_SingleEXT_i310                   |     0 |     0 |     0 |         |        |     |     |
DEBUG: | cond_SingleEXT_i311                   |     0 |     0 |     0 |         |        |     |     |
DEBUG: | cond_SingleJET_i447                   |    36 |     0 |     0 |         |        |     |     |
DEBUG: | cond_SingleJET_i456                   |    72 |     0 |     0 |         |        |     |     |
DEBUG: | cond_SingleEXT_i301                   |     0 |     0 |     0 |         |        |     |     |
DEBUG: | cond_SingleMU_i4                      |    32 |     0 |     0 |         |        |     |     |
DEBUG: | cond_SingleEXT_i293                   |     0 |     0 |     0 |         |        |     |     |
DEBUG: | cond_SingleJET_i453                   |    72 |     0 |     0 |         |        |     |     |
DEBUG: | cond_SingleEXT_i301                   |     0 |     0 |     0 |         |        |     |     |
DEBUG: | cond_DoubleEG_i467                    |   144 |     0 |     0 |         |        |     |     |
DEBUG: | cond_SingleEXT_i301                   |     0 |     0 |     0 |         |        |     |     |
DEBUG: | cond_SingleEXT_i308                   |     0 |     0 |     0 |         |        |     |     |
DEBUG: | cond_SingleEXT_i295                   |     0 |     0 |     0 |         |        |     |     |
DEBUG: | cond_SingleEXT_i301                   |     0 |     0 |     0 |         |        |     |     |
DEBUG: | cond_SingleEXT_i310                   |     0 |     0 |     0 |         |        |     |     |
DEBUG: | cond_SingleEXT_i311                   |     0 |     0 |     0 |         |        |     |     |
DEBUG: | cond_SingleJET_i447                   |    36 |     0 |     0 |         |        |     |     |
DEBUG: | cond_SingleEXT_i301                   |     0 |     0 |     0 |         |        |     |     |
DEBUG: | cond_SingleEXT_i308                   |     0 |     0 |     0 |         |        |     |     |
DEBUG: | cond_SingleEXT_i295                   |     0 |     0 |     0 |         |        |     |     |
DEBUG: | cond_SingleEXT_i301                   |     0 |     0 |     0 |         |        |     |     |
DEBUG: | cond_SingleEXT_i296                   |     0 |     0 |     0 |         |        |     |     |
DEBUG: | cond_SingleEXT_i309                   |     0 |     0 |     0 |         |        |     |     |
DEBUG: | cond_SingleEXT_i293                   |     0 |     0 |     0 |         |        |     |     |
DEBUG: | cond_SingleJET_i452                   |    72 |     0 |     0 |         |        |     |     |
DEBUG: | cond_CicadaTrigger_i411               |     4 |     0 |     0 |         |        |     |     |
DEBUG: | cond_CicadaTrigger_i432               |     4 |     0 |     0 |         |        |     |     |
DEBUG: | cond_SingleETT_i283                   |     4 |     0 |     0 |         |        |     |     |
DEBUG: | cond_SingleHTMHF_i407                 |     4 |     0 |     0 |         |        |     |     |
DEBUG: | cond_SingleEXT_i321                   |     0 |     0 |     0 |         |        |     |     |
DEBUG: | cond_SingleEXT_i324                   |     0 |     0 |     0 |         |        |     |     |
DEBUG: | cond_SingleEXT_i320                   |     0 |     0 |     0 |         |        |     |     |
DEBUG: | cond_SingleEXT_i330                   |     0 |     0 |     0 |         |        |     |     |
DEBUG: | cond_SingleEXT_i331                   |     0 |     0 |     0 |         |        |     |     |
DEBUG: | cond_MuonShower2_i335                 |     0 |     0 |     0 |         |        |     |     |
DEBUG: |----------------------------------------------------------------------------------------------|
DEBUG: |                                                                                              |
DEBUG: | module_3:                                                                                    |
DEBUG: |                                                                                              |
DEBUG: | instantiation name                    | sLUTs | DSPs  | BRAMs | obj 1   | obj 2  | bx 1| bx 2|
DEBUG: |---------------------------------------|-------|-------|-------|---------|--------|-----|-----|
DEBUG: | ctrl, datapath, infra, readout, ttc:                                                         |
DEBUG: | summary                               | 39100 |     0 |   216 |         |        |     |     |
DEBUG: |                                                                                              |
DEBUG: | frame:                                                                                       |
DEBUG: | summary                               |  4221 |     0 |   356 |         |        |     |     |
DEBUG: |                                                                                              |
DEBUG: | fdl_module:                                                                                  |
DEBUG: | base                                  | 16800 |     0 |    64 |         |        |     |     |
DEBUG: | slices                                | 17416 |     0 |     0 |         |        |     |     |
DEBUG: | summary                               | 34216 |     0 |    64 |         |        |     |     |
DEBUG: |                                                                                              |
DEBUG: | gtl_module:                                                                                  |
DEBUG: | calc_cut_deltaR                       | 14544 |   288 |     0 | Jet     | Tau    | 0   | 0   |
DEBUG: | calc_cut_deltaR                       | 14544 |   288 |     0 | Jet     | Egamma | 0   | 0   |
DEBUG: | calc_cut_deltaR                       | 28320 |   192 |     0 | Jet     | Muon   | 0   | 0   |
DEBUG: | calc_cut_deltaR                       |  6666 |   132 |     0 | Egamma  | Egamma | 0   | 0   |
DEBUG: | calc_cut_deltaR                       | 14544 |   288 |     0 | Tau     | Jet    | 0   | 0   |
DEBUG: | calc_cut_deta                         |  3366 |   0.0 |     0 | Jet     | Jet    | 0   | 0   |
DEBUG: | calc_cut_dphi                         |  9024 |     0 |     0 | Muon    | Muon   | -1  | 0   |
DEBUG: | calc_cut_mass_inv_pt                  |  9570 |   198 |     0 | Jet     | Jet    | 0   | 0   |
DEBUG: | calc_cut_mass_inv_pt                  |  8988 |    84 |     0 | Muon    | Muon   | 0   | 0   |
DEBUG: | calc_deta_dphi_integer                |  6468 |     0 |     0 | Jet     | Jet    | 0   | 0   |
DEBUG: | calc_deta_dphi_integer                | 14112 |     0 |     0 | Jet     | Tau    | 0   | 0   |
DEBUG: | calc_deta_dphi_integer                | 14112 |     0 |     0 | Jet     | Egamma | 0   | 0   |
DEBUG: | calc_deta_dphi_integer                |  9408 |     0 |     0 | Jet     | Muon   | 0   | 0   |
DEBUG: | calc_deta_dphi_integer                |  6468 |     0 |     0 | Egamma  | Egamma | 0   | 0   |
DEBUG: | calc_deta_dphi_integer                | 14112 |     0 |     0 | Tau     | Jet    | 0   | 0   |
DEBUG: | calc_deta_dphi_integer                |  2744 |     0 |     0 | Muon    | Muon   | 0   | 0   |
DEBUG: | calc_deta_dphi_integer                |  6272 |     0 |     0 | Muon    | Muon   | -1  | 0   |
DEBUG: | cond_InvariantMassOvRm_i378           |  5307 |     0 |     0 |         |        |     |     |
DEBUG: | cond_InvariantMassOvRm_i441           |  5307 |     0 |     0 |         |        |     |     |
DEBUG: | cond_InvariantMass_i255               |  4038 |     0 |     0 |         |        |     |     |
DEBUG: | cond_CaloMuonCorrelation_i122         |  2912 |     0 |     0 |         |        |     |     |
DEBUG: | cond_CaloCaloCorrelation_i123         |   408 |     0 |     0 |         |        |     |     |
DEBUG: | cond_DoubleJET_i109                   |   144 |     0 |     0 |         |        |     |     |
DEBUG: | cond_CaloMuonCorrelation_i108         |  2888 |     0 |     0 |         |        |     |     |
DEBUG: | cond_CaloMuonCorrelation_i108         |  2888 |     0 |     0 |         |        |     |     |
DEBUG: | cond_DoubleJET_i110                   |   144 |     0 |     0 |         |        |     |     |
DEBUG: | cond_CaloMuonCorrelation_i111         |  2888 |     0 |     0 |         |        |     |     |
DEBUG: | cond_CaloMuonCorrelation_i103         |  2888 |     0 |     0 |         |        |     |     |
DEBUG: | cond_CaloCaloCorrelation_i474         |  2058 |     0 |     0 |         |        |     |     |
DEBUG: | cond_DoubleTauOvRm_i444               |  1763 |     0 |     0 |         |        |     |     |
DEBUG: | cond_InvariantMass_i61                |  1428 |     0 |     0 |         |        |     |     |
DEBUG: | cond_MuonMuonCorrelation_i328         |   480 |     0 |     0 |         |        |     |     |
DEBUG: | cond_DoubleMU_i390                    |   144 |     0 |     0 |         |        |     |     |
DEBUG: | cond_SingleJET_i234                   |    72 |     0 |     0 |         |        |     |     |
DEBUG: | cond_SingleJET_i235                   |    72 |     0 |     0 |         |        |     |     |
DEBUG: | cond_SingleJET_i230                   |    72 |     0 |     0 |         |        |     |     |
DEBUG: | cond_SingleJET_i231                   |    72 |     0 |     0 |         |        |     |     |
DEBUG: | cond_QuadMU_i81                       |   128 |     0 |     0 |         |        |     |     |
DEBUG: | cond_SingleMU_i13                     |    32 |     0 |     0 |         |        |     |     |
DEBUG: | cond_SingleEG_i88                     |    84 |     0 |     0 |         |        |     |     |
DEBUG: | cond_SingleMU_i15                     |    32 |     0 |     0 |         |        |     |     |
DEBUG: | cond_SingleEG_i85                     |    72 |     0 |     0 |         |        |     |     |
DEBUG: | cond_SingleMU_i15                     |    32 |     0 |     0 |         |        |     |     |
DEBUG: | cond_SingleMU_i15                     |    32 |     0 |     0 |         |        |     |     |
DEBUG: | cond_SingleEG_i88                     |    84 |     0 |     0 |         |        |     |     |
DEBUG: | cond_SingleMU_i13                     |    32 |     0 |     0 |         |        |     |     |
DEBUG: | cond_SingleEG_i85                     |    72 |     0 |     0 |         |        |     |     |
DEBUG: | cond_SingleMU_i15                     |    32 |     0 |     0 |         |        |     |     |
DEBUG: | cond_SingleEG_i89                     |    84 |     0 |     0 |         |        |     |     |
DEBUG: | cond_SingleMU_i15                     |    32 |     0 |     0 |         |        |     |     |
DEBUG: | cond_SingleEG_i86                     |    72 |     0 |     0 |         |        |     |     |
DEBUG: | cond_SingleMU_i13                     |    32 |     0 |     0 |         |        |     |     |
DEBUG: | cond_SingleEG_i161                    |    84 |     0 |     0 |         |        |     |     |
DEBUG: | cond_SingleEG_i168                    |    84 |     0 |     0 |         |        |     |     |
DEBUG: | cond_SingleEG_i171                    |    84 |     0 |     0 |         |        |     |     |
DEBUG: | cond_SingleEG_i155                    |    84 |     0 |     0 |         |        |     |     |
DEBUG: | cond_SingleMU_i18                     |    80 |     0 |     0 |         |        |     |     |
DEBUG: | cond_SingleMU_i6                      |    80 |     0 |     0 |         |        |     |     |
DEBUG: | cond_SingleEG_i142                    |    72 |     0 |     0 |         |        |     |     |
DEBUG: | cond_SingleEG_i147                    |    72 |     0 |     0 |         |        |     |     |
DEBUG: | cond_SingleJET_i224                   |    72 |     0 |     0 |         |        |     |     |
DEBUG: | cond_SingleJET_i223                   |    72 |     0 |     0 |         |        |     |     |
DEBUG: | cond_SingleMU_i3                      |    72 |     0 |     0 |         |        |     |     |
DEBUG: | cond_DoubleMU_i55                     |    65 |     0 |     0 |         |        |     |     |
DEBUG: | cond_DoubleMU_i34                     |    64 |     0 |     0 |         |        |     |     |
DEBUG: | cond_DoubleMU_i39                     |    64 |     0 |     0 |         |        |     |     |
DEBUG: | cond_SingleMU_i16                     |    56 |     0 |     0 |         |        |     |     |
DEBUG: | cond_SingleMU_i420                    |    56 |     0 |     0 |         |        |     |     |
DEBUG: | cond_SingleMU_i398                    |    56 |     0 |     0 |         |        |     |     |
DEBUG: | cond_SingleMU_i5                      |    56 |     0 |     0 |         |        |     |     |
DEBUG: | cond_SingleMU_i375                    |    32 |     0 |     0 |         |        |     |     |
DEBUG: | cond_SingleHTT_i376                   |     4 |     0 |     0 |         |        |     |     |
DEBUG: | cond_SingleMU_i383                    |    32 |     0 |     0 |         |        |     |     |
DEBUG: | cond_SingleHTT_i376                   |     4 |     0 |     0 |         |        |     |     |
DEBUG: | cond_SingleJET_i222                   |    36 |     0 |     0 |         |        |     |     |
DEBUG: | cond_SingleMU_i20                     |    32 |     0 |     0 |         |        |     |     |
DEBUG: | cond_SingleMU_i14                     |    32 |     0 |     0 |         |        |     |     |
DEBUG: | cond_CicadaTrigger_i430               |     4 |     0 |     0 |         |        |     |     |
DEBUG: | cond_SingleETMHF_i291                 |     4 |     0 |     0 |         |        |     |     |
DEBUG: | cond_SingleHTMHF_i405                 |     4 |     0 |     0 |         |        |     |     |
DEBUG: | cond_SingleHTT_i281                   |     4 |     0 |     0 |         |        |     |     |
DEBUG: | cond_SingleEXT_i326                   |     0 |     0 |     0 |         |        |     |     |
DEBUG: | cond_SingleEXT_i318                   |     0 |     0 |     0 |         |        |     |     |
DEBUG: | cond_SingleEXT_i315                   |     0 |     0 |     0 |         |        |     |     |
DEBUG: | cond_MuonShower0_i83                  |     0 |     0 |     0 |         |        |     |     |
DEBUG: | cond_SingleEXT_i333                   |     0 |     0 |     0 |         |        |     |     |
DEBUG: |----------------------------------------------------------------------------------------------|
DEBUG: |                                                                                              |
DEBUG: | module_4:                                                                                    |
DEBUG: |                                                                                              |
DEBUG: | instantiation name                    | sLUTs | DSPs  | BRAMs | obj 1   | obj 2  | bx 1| bx 2|
DEBUG: |---------------------------------------|-------|-------|-------|---------|--------|-----|-----|
DEBUG: | ctrl, datapath, infra, readout, ttc:                                                         |
DEBUG: | summary                               | 39100 |     0 |   216 |         |        |     |     |
DEBUG: |                                                                                              |
DEBUG: | frame:                                                                                       |
DEBUG: | summary                               |  4221 |     0 |   356 |         |        |     |     |
DEBUG: |                                                                                              |
DEBUG: | fdl_module:                                                                                  |
DEBUG: | base                                  | 16800 |     0 |    64 |         |        |     |     |
DEBUG: | slices                                | 23947 |     0 |     0 |         |        |     |     |
DEBUG: | summary                               | 40747 |     0 |    64 |         |        |     |     |
DEBUG: |                                                                                              |
DEBUG: | gtl_module:                                                                                  |
DEBUG: | calc_cut_deltaR                       | 14544 |   288 |     0 | Jet     | Egamma | 0   | 0   |
DEBUG: | calc_cut_deltaR                       | 14544 |   288 |     0 | Egamma  | Tau    | 0   | 0   |
DEBUG: | calc_cut_deltaR                       | 28320 |   192 |     0 | Jet     | Muon   | 0   | 0   |
DEBUG: | calc_cut_deltaR                       | 14544 |   288 |     0 | Tau     | Jet    | 0   | 0   |
DEBUG: | calc_cut_deltaR                       |  6440 |    56 |     0 | Muon    | Muon   | 0   | 0   |
DEBUG: | calc_cut_deta                         |  3366 |   0.0 |     0 | Jet     | Jet    | 0   | 0   |
DEBUG: | calc_cut_deta                         |  2492 |   0.0 |     0 | Muon    | Muon   | 0   | 0   |
DEBUG: | calc_cut_mass_inv_pt                  |  9570 |   198 |     0 | Jet     | Jet    | 0   | 0   |
DEBUG: | calc_cut_mass_inv_pt                  |  8988 |    84 |     0 | Muon    | Muon   | 0   | 0   |
DEBUG: | calc_cut_mass_inv_pt                  |  9570 |   198 |     0 | Egamma  | Egamma | 0   | 0   |
DEBUG: | calc_deta_dphi_integer                |  6468 |     0 |     0 | Jet     | Jet    | 0   | 0   |
DEBUG: | calc_deta_dphi_integer                | 14112 |     0 |     0 | Jet     | Egamma | 0   | 0   |
DEBUG: | calc_deta_dphi_integer                |  2744 |     0 |     0 | Muon    | Muon   | 0   | 0   |
DEBUG: | calc_deta_dphi_integer                |  6468 |     0 |     0 | Egamma  | Egamma | 0   | 0   |
DEBUG: | calc_deta_dphi_integer                | 14112 |     0 |     0 | Egamma  | Tau    | 0   | 0   |
DEBUG: | calc_deta_dphi_integer                |  9408 |     0 |     0 | Jet     | Muon   | 0   | 0   |
DEBUG: | calc_deta_dphi_integer                | 14112 |     0 |     0 | Tau     | Jet    | 0   | 0   |
DEBUG: | cond_InvariantMassOvRm_i380           |  5307 |     0 |     0 |         |        |     |     |
DEBUG: | cond_InvariantMass_i98                |  1428 |     0 |     0 |         |        |     |     |
DEBUG: | cond_InvariantMass_i99                |  3774 |     0 |     0 |         |        |     |     |
DEBUG: | cond_CaloCaloCorrelation_i193         |  4344 |     0 |     0 |         |        |     |     |
DEBUG: | cond_DoubleJET_i106                   |   144 |     0 |     0 |         |        |     |     |
DEBUG: | cond_CaloMuonCorrelation_i107         |  2888 |     0 |     0 |         |        |     |     |
DEBUG: | cond_DoubleTauOvRm_i479               |  1763 |     0 |     0 |         |        |     |     |
DEBUG: | cond_TripleMU_i70                     |    96 |     0 |     0 |         |        |     |     |
DEBUG: | cond_InvariantMass_i79                |  1380 |     0 |     0 |         |        |     |     |
DEBUG: | cond_TripleMU_i78                     |    96 |     0 |     0 |         |        |     |     |
DEBUG: | cond_InvariantMass_i79                |  1380 |     0 |     0 |         |        |     |     |
DEBUG: | cond_TripleMU_i70                     |    96 |     0 |     0 |         |        |     |     |
DEBUG: | cond_InvariantMass_i40                |  1364 |     0 |     0 |         |        |     |     |
DEBUG: | cond_MuonMuonCorrelation_i394         |   924 |     0 |     0 |         |        |     |     |
DEBUG: | cond_MuonMuonCorrelation_i56          |   924 |     0 |     0 |         |        |     |     |
DEBUG: | cond_InvariantMass3_i75               |   909 |   112 |     0 |         |        |     |     |
DEBUG: | cond_MuonMuonCorrelation_i62          |   876 |     0 |     0 |         |        |     |     |
DEBUG: | cond_CaloCaloCorrelation_i251         |   408 |     0 |     0 |         |        |     |     |
DEBUG: | cond_MuonMuonCorrelation_i53          |   252 |     0 |     0 |         |        |     |     |
DEBUG: | cond_MuonMuonCorrelation_i47          |   252 |     0 |     0 |         |        |     |     |
DEBUG: | cond_MuonMuonCorrelation_i45          |   252 |     0 |     0 |         |        |     |     |
DEBUG: | cond_TripleJET_i261                   |   108 |     0 |     0 |         |        |     |     |
DEBUG: | cond_DoubleJET_i262                   |   144 |     0 |     0 |         |        |     |     |
DEBUG: | cond_DoubleEG_i181                    |   168 |     0 |     0 |         |        |     |     |
DEBUG: | cond_DoubleEG_i183                    |   168 |     0 |     0 |         |        |     |     |
DEBUG: | cond_DoubleEG_i185                    |   168 |     0 |     0 |         |        |     |     |
DEBUG: | cond_DoubleTAU_i199                   |   168 |     0 |     0 |         |        |     |     |
DEBUG: | cond_DoubleTAU_i202                   |   168 |     0 |     0 |         |        |     |     |
DEBUG: | cond_DoubleEG_i187                    |   168 |     0 |     0 |         |        |     |     |
DEBUG: | cond_SingleMU_i204                    |    56 |     0 |     0 |         |        |     |     |
DEBUG: | cond_SingleTAU_i206                   |    72 |     0 |     0 |         |        |     |     |
DEBUG: | cond_SingleJET_i207                   |    36 |     0 |     0 |         |        |     |     |
DEBUG: | cond_SingleMU_i204                    |    56 |     0 |     0 |         |        |     |     |
DEBUG: | cond_SingleTAU_i205                   |    72 |     0 |     0 |         |        |     |     |
DEBUG: | cond_SingleMU_i204                    |    56 |     0 |     0 |         |        |     |     |
DEBUG: | cond_SingleTAU_i206                   |    72 |     0 |     0 |         |        |     |     |
DEBUG: | cond_SingleMU_i204                    |    56 |     0 |     0 |         |        |     |     |
DEBUG: | cond_SingleTAU_i206                   |    72 |     0 |     0 |         |        |     |     |
DEBUG: | cond_SingleJET_i208                   |    36 |     0 |     0 |         |        |     |     |
DEBUG: | cond_DoubleEG_i174                    |   144 |     0 |     0 |         |        |     |     |
DEBUG: | cond_DoubleEG_i176                    |   144 |     0 |     0 |         |        |     |     |
DEBUG: | cond_DoubleEG_i178                    |   144 |     0 |     0 |         |        |     |     |
DEBUG: | cond_DoubleJET_i250                   |   144 |     0 |     0 |         |        |     |     |
DEBUG: | cond_DoubleMU_i42                     |   144 |     0 |     0 |         |        |     |     |
DEBUG: | cond_DoubleMU_i391                    |   144 |     0 |     0 |         |        |     |     |
DEBUG: | cond_SingleJET_i238                   |    72 |     0 |     0 |         |        |     |     |
DEBUG: | cond_SingleJET_i239                   |    72 |     0 |     0 |         |        |     |     |
DEBUG: | cond_SingleJET_i232                   |    72 |     0 |     0 |         |        |     |     |
DEBUG: | cond_SingleJET_i233                   |    72 |     0 |     0 |         |        |     |     |
DEBUG: | cond_QuadMU_i80                       |   128 |     0 |     0 |         |        |     |     |
DEBUG: | cond_DoubleMU_i49                     |   113 |     0 |     0 |         |        |     |     |
DEBUG: | cond_DoubleMU_i41                     |   112 |     0 |     0 |         |        |     |     |
DEBUG: | cond_SingleJET_i240                   |   108 |     0 |     0 |         |        |     |     |
DEBUG: | cond_SingleMU_i338                    |    96 |     0 |     0 |         |        |     |     |
DEBUG: | cond_TripleMU_i64                     |    96 |     0 |     0 |         |        |     |     |
DEBUG: | cond_TripleMU_i67                     |    96 |     0 |     0 |         |        |     |     |
DEBUG: | cond_TripleMU_i74                     |    96 |     0 |     0 |         |        |     |     |
DEBUG: | cond_SingleEG_i166                    |    84 |     0 |     0 |         |        |     |     |
DEBUG: | cond_SingleEG_i170                    |    84 |     0 |     0 |         |        |     |     |
DEBUG: | cond_SingleEG_i150                    |    84 |     0 |     0 |         |        |     |     |
DEBUG: | cond_SingleMU_i11                     |    80 |     0 |     0 |         |        |     |     |
DEBUG: | cond_SingleMU_i26                     |    80 |     0 |     0 |         |        |     |     |
DEBUG: | cond_SingleEG_i141                    |    72 |     0 |     0 |         |        |     |     |
DEBUG: | cond_SingleEG_i145                    |    72 |     0 |     0 |         |        |     |     |
DEBUG: | cond_SingleEG_i134                    |    72 |     0 |     0 |         |        |     |     |
DEBUG: | cond_SingleJET_i227                   |    72 |     0 |     0 |         |        |     |     |
DEBUG: | cond_SingleMU_i396                    |    72 |     0 |     0 |         |        |     |     |
DEBUG: | cond_SingleTAU_i196                   |    72 |     0 |     0 |         |        |     |     |
DEBUG: | cond_DoubleMU_i29                     |    64 |     0 |     0 |         |        |     |     |
DEBUG: | cond_DoubleMU_i37                     |    64 |     0 |     0 |         |        |     |     |
DEBUG: | cond_SingleMU_i387                    |    56 |     0 |     0 |         |        |     |     |
DEBUG: | cond_SingleMU_i424                    |    56 |     0 |     0 |         |        |     |     |
DEBUG: | cond_SingleMU_i419                    |    56 |     0 |     0 |         |        |     |     |
DEBUG: | cond_SingleMU_i399                    |    56 |     0 |     0 |         |        |     |     |
DEBUG: | cond_SingleJET_i268                   |    48 |     0 |     0 |         |        |     |     |
DEBUG: | cond_SingleHTT_i269                   |     4 |     0 |     0 |         |        |     |     |
DEBUG: | cond_SingleHTT_i269                   |     4 |     0 |     0 |         |        |     |     |
DEBUG: | cond_SingleJET_i220                   |    36 |     0 |     0 |         |        |     |     |
DEBUG: | cond_SingleMU_i8                      |    32 |     0 |     0 |         |        |     |     |
DEBUG: | cond_SingleMU_i22                     |    32 |     0 |     0 |         |        |     |     |
DEBUG: | cond_CicadaTrigger_i410               |     4 |     0 |     0 |         |        |     |     |
DEBUG: | cond_CicadaTrigger_i412               |     4 |     0 |     0 |         |        |     |     |
DEBUG: | cond_SingleETM_i285                   |     4 |     0 |     0 |         |        |     |     |
DEBUG: | cond_SingleHTMHF_i404                 |     4 |     0 |     0 |         |        |     |     |
DEBUG: | cond_SingleHTT_i280                   |     4 |     0 |     0 |         |        |     |     |
DEBUG: | cond_SingleEXT_i323                   |     0 |     0 |     0 |         |        |     |     |
DEBUG: | cond_SingleEXT_i317                   |     0 |     0 |     0 |         |        |     |     |
DEBUG: | cond_SingleEXT_i316                   |     0 |     0 |     0 |         |        |     |     |
DEBUG: | cond_SingleEXT_i314                   |     0 |     0 |     0 |         |        |     |     |
DEBUG: | cond_SingleEXT_i332                   |     0 |     0 |     0 |         |        |     |     |
DEBUG: | cond_SingleEXT_i306                   |     0 |     0 |     0 |         |        |     |     |
DEBUG: |----------------------------------------------------------------------------------------------|
DEBUG: |                                                                                              |
DEBUG: | module_5:                                                                                    |
DEBUG: |                                                                                              |
DEBUG: | instantiation name                    | sLUTs | DSPs  | BRAMs | obj 1   | obj 2  | bx 1| bx 2|
DEBUG: |---------------------------------------|-------|-------|-------|---------|--------|-----|-----|
DEBUG: | ctrl, datapath, infra, readout, ttc:                                                         |
DEBUG: | summary                               | 39100 |     0 |   216 |         |        |     |     |
DEBUG: |                                                                                              |
DEBUG: | frame:                                                                                       |
DEBUG: | summary                               |  4221 |     0 |   356 |         |        |     |     |
DEBUG: |                                                                                              |
DEBUG: | fdl_module:                                                                                  |
DEBUG: | base                                  | 16800 |     0 |    64 |         |        |     |     |
DEBUG: | slices                                | 23325 |     0 |     0 |         |        |     |     |
DEBUG: | summary                               | 40125 |     0 |    64 |         |        |     |     |
DEBUG: |                                                                                              |
DEBUG: | gtl_module:                                                                                  |
DEBUG: | calc_cut_deltaR                       | 14544 |   288 |     0 | Jet     | Tau    | 0   | 0   |
DEBUG: | calc_cut_deltaR                       | 14544 |   288 |     0 | Egamma  | Tau    | 0   | 0   |
DEBUG: | calc_cut_deltaR                       | 28320 |   192 |     0 | Jet     | Muon   | 0   | 0   |
DEBUG: | calc_cut_deltaR                       | 14544 |   288 |     0 | Tau     | Jet    | 0   | 0   |
DEBUG: | calc_cut_deltaR                       |  6440 |    56 |     0 | Muon    | Muon   | 0   | 0   |
DEBUG: | calc_cut_deta                         |  3366 |   0.0 |     0 | Egamma  | Egamma | 0   | 0   |
DEBUG: | calc_cut_deta                         |  2492 |   0.0 |     0 | Muon    | Muon   | 0   | 0   |
DEBUG: | calc_cut_mass_inv_pt                  |  9570 |   198 |     0 | Jet     | Jet    | 0   | 0   |
DEBUG: | calc_cut_mass_inv_pt                  |  8988 |    84 |     0 | Muon    | Muon   | 0   | 0   |
DEBUG: | calc_cut_mass_inv_pt                  |  9570 |   198 |     0 | Egamma  | Egamma | 0   | 0   |
DEBUG: | calc_deta_dphi_integer                |  6468 |     0 |     0 | Jet     | Jet    | 0   | 0   |
DEBUG: | calc_deta_dphi_integer                | 14112 |     0 |     0 | Jet     | Tau    | 0   | 0   |
DEBUG: | calc_deta_dphi_integer                |  2744 |     0 |     0 | Muon    | Muon   | 0   | 0   |
DEBUG: | calc_deta_dphi_integer                |  6468 |     0 |     0 | Egamma  | Egamma | 0   | 0   |
DEBUG: | calc_deta_dphi_integer                | 14112 |     0 |     0 | Egamma  | Tau    | 0   | 0   |
DEBUG: | calc_deta_dphi_integer                |  9408 |     0 |     0 | Jet     | Muon   | 0   | 0   |
DEBUG: | calc_deta_dphi_integer                | 14112 |     0 |     0 | Tau     | Jet    | 0   | 0   |
DEBUG: | cond_InvariantMassOvRm_i436           |  5307 |     0 |     0 |         |        |     |     |
DEBUG: | cond_InvariantMass_i100               |  1428 |     0 |     0 |         |        |     |     |
DEBUG: | cond_InvariantMass_i101               |  3774 |     0 |     0 |         |        |     |     |
DEBUG: | cond_CaloCaloCorrelation_i194         |  4332 |     0 |     0 |         |        |     |     |
DEBUG: | cond_DoubleJET_i104                   |   144 |     0 |     0 |         |        |     |     |
DEBUG: | cond_CaloMuonCorrelation_i105         |  2888 |     0 |     0 |         |        |     |     |
DEBUG: | cond_QuadJET_i266                     |  1960 |     0 |     0 |         |        |     |     |
DEBUG: | cond_DoubleTauOvRm_i445               |  1763 |     0 |     0 |         |        |     |     |
DEBUG: | cond_InvariantMass_i33                |  1364 |     0 |     0 |         |        |     |     |
DEBUG: | cond_MuonMuonCorrelation_i52          |   924 |     0 |     0 |         |        |     |     |
DEBUG: | cond_MuonMuonCorrelation_i395         |   924 |     0 |     0 |         |        |     |     |
DEBUG: | cond_InvariantMass3_i393              |   909 |   112 |     0 |         |        |     |     |
DEBUG: | cond_MuonMuonCorrelation_i58          |   876 |     0 |     0 |         |        |     |     |
DEBUG: | cond_CaloCaloCorrelation_i476         |   408 |     0 |     0 |         |        |     |     |
DEBUG: | cond_MuonMuonCorrelation_i54          |   252 |     0 |     0 |         |        |     |     |
DEBUG: | cond_MuonMuonCorrelation_i51          |   252 |     0 |     0 |         |        |     |     |
DEBUG: | cond_MuonMuonCorrelation_i46          |   252 |     0 |     0 |         |        |     |     |
DEBUG: | cond_TripleJET_i259                   |   108 |     0 |     0 |         |        |     |     |
DEBUG: | cond_DoubleJET_i260                   |   144 |     0 |     0 |         |        |     |     |
DEBUG: | cond_SingleMU_i90                     |    32 |     0 |     0 |         |        |     |     |
DEBUG: | cond_DoubleEG_i91                     |   144 |     0 |     0 |         |        |     |     |
DEBUG: | cond_SingleJET_i274                   |    48 |     0 |     0 |         |        |     |     |
DEBUG: | cond_SingleHTT_i120                   |     4 |     0 |     0 |         |        |     |     |
DEBUG: | cond_SingleMU_i90                     |    32 |     0 |     0 |         |        |     |     |
DEBUG: | cond_SingleHTT_i120                   |     4 |     0 |     0 |         |        |     |     |
DEBUG: | cond_SingleMU_i90                     |    32 |     0 |     0 |         |        |     |     |
DEBUG: | cond_DoubleEG_i92                     |   144 |     0 |     0 |         |        |     |     |
DEBUG: | cond_SingleMU_i90                     |    32 |     0 |     0 |         |        |     |     |
DEBUG: | cond_SingleHTT_i121                   |     4 |     0 |     0 |         |        |     |     |
DEBUG: | cond_SingleMU_i90                     |    32 |     0 |     0 |         |        |     |     |
DEBUG: | cond_DoubleEG_i93                     |   144 |     0 |     0 |         |        |     |     |
DEBUG: | cond_SingleMU_i90                     |    32 |     0 |     0 |         |        |     |     |
DEBUG: | cond_DoubleEG_i94                     |   144 |     0 |     0 |         |        |     |     |
DEBUG: | cond_SingleEG_i162                    |    84 |     0 |     0 |         |        |     |     |
DEBUG: | cond_SingleEG_i163                    |    84 |     0 |     0 |         |        |     |     |
DEBUG: | cond_DoubleEG_i179                    |   156 |     0 |     0 |         |        |     |     |
DEBUG: | cond_DoubleMU_i43                     |   152 |     0 |     0 |         |        |     |     |
DEBUG: | cond_DoubleEG_i173                    |   144 |     0 |     0 |         |        |     |     |
DEBUG: | cond_DoubleEG_i175                    |   144 |     0 |     0 |         |        |     |     |
DEBUG: | cond_DoubleEG_i177                    |   144 |     0 |     0 |         |        |     |     |
DEBUG: | cond_DoubleJET_i249                   |   144 |     0 |     0 |         |        |     |     |
DEBUG: | cond_DoubleMU_i44                     |   144 |     0 |     0 |         |        |     |     |
DEBUG: | cond_DoubleMU_i389                    |   144 |     0 |     0 |         |        |     |     |
DEBUG: | cond_DoubleTAU_i197                   |   144 |     0 |     0 |         |        |     |     |
DEBUG: | cond_SingleJET_i228                   |    72 |     0 |     0 |         |        |     |     |
DEBUG: | cond_SingleJET_i229                   |    72 |     0 |     0 |         |        |     |     |
DEBUG: | cond_SingleMU_i209                    |    56 |     0 |     0 |         |        |     |     |
DEBUG: | cond_SingleTAU_i210                   |    84 |     0 |     0 |         |        |     |     |
DEBUG: | cond_SingleMU_i209                    |    56 |     0 |     0 |         |        |     |     |
DEBUG: | cond_SingleTAU_i213                   |    84 |     0 |     0 |         |        |     |     |
DEBUG: | cond_SingleMU_i209                    |    56 |     0 |     0 |         |        |     |     |
DEBUG: | cond_SingleTAU_i214                   |    72 |     0 |     0 |         |        |     |     |
DEBUG: | cond_SingleMU_i209                    |    56 |     0 |     0 |         |        |     |     |
DEBUG: | cond_SingleTAU_i211                   |    84 |     0 |     0 |         |        |     |     |
DEBUG: | cond_SingleMU_i209                    |    56 |     0 |     0 |         |        |     |     |
DEBUG: | cond_SingleTAU_i212                   |    84 |     0 |     0 |         |        |     |     |
DEBUG: | cond_DoubleJET_i267                   |    96 |     0 |     0 |         |        |     |     |
DEBUG: | cond_SingleMU_i339                    |    96 |     0 |     0 |         |        |     |     |
DEBUG: | cond_TripleMU_i66                     |    96 |     0 |     0 |         |        |     |     |
DEBUG: | cond_TripleMU_i73                     |    96 |     0 |     0 |         |        |     |     |
DEBUG: | cond_SingleEG_i160                    |    84 |     0 |     0 |         |        |     |     |
DEBUG: | cond_SingleEG_i167                    |    84 |     0 |     0 |         |        |     |     |
DEBUG: | cond_SingleEG_i151                    |    84 |     0 |     0 |         |        |     |     |
DEBUG: | cond_SingleEG_i158                    |    84 |     0 |     0 |         |        |     |     |
DEBUG: | cond_SingleMU_i17                     |    80 |     0 |     0 |         |        |     |     |
DEBUG: | cond_SingleEG_i135                    |    72 |     0 |     0 |         |        |     |     |
DEBUG: | cond_SingleEG_i143                    |    72 |     0 |     0 |         |        |     |     |
DEBUG: | cond_SingleEG_i460                    |    72 |     0 |     0 |         |        |     |     |
DEBUG: | cond_SingleJET_i225                   |    72 |     0 |     0 |         |        |     |     |
DEBUG: | cond_SingleJET_i457                   |    72 |     0 |     0 |         |        |     |     |
DEBUG: | cond_SingleMU_i2                      |    72 |     0 |     0 |         |        |     |     |
DEBUG: | cond_DoubleMU_i57                     |    65 |     0 |     0 |         |        |     |     |
DEBUG: | cond_DoubleMU_i35                     |    64 |     0 |     0 |         |        |     |     |
DEBUG: | cond_SingleMU_i9                      |    56 |     0 |     0 |         |        |     |     |
DEBUG: | cond_SingleMU_i345                    |    56 |     0 |     0 |         |        |     |     |
DEBUG: | cond_SingleMU_i422                    |    56 |     0 |     0 |         |        |     |     |
DEBUG: | cond_SingleMU_i417                    |    56 |     0 |     0 |         |        |     |     |
DEBUG: | cond_SingleMU_i401                    |    56 |     0 |     0 |         |        |     |     |
DEBUG: | cond_SingleMU_i336                    |    48 |     0 |     0 |         |        |     |     |
DEBUG: | cond_SingleEG_i148                    |    36 |     0 |     0 |         |        |     |     |
DEBUG: | cond_SingleJET_i217                   |    36 |     0 |     0 |         |        |     |     |
DEBUG: | cond_SingleMU_i24                     |    32 |     0 |     0 |         |        |     |     |
DEBUG: | cond_SingleMU_i0                      |    24 |     0 |     0 |         |        |     |     |
DEBUG: | cond_CicadaTrigger_i431               |     4 |     0 |     0 |         |        |     |     |
DEBUG: | cond_SingleETMHF_i292                 |     4 |     0 |     0 |         |        |     |     |
DEBUG: | cond_SingleHTMHF_i406                 |     4 |     0 |     0 |         |        |     |     |
DEBUG: | cond_SingleHTT_i282                   |     4 |     0 |     0 |         |        |     |     |
DEBUG: | cond_SingleEXT_i327                   |     0 |     0 |     0 |         |        |     |     |
DEBUG: | cond_SingleEXT_i319                   |     0 |     0 |     0 |         |        |     |     |
DEBUG: | cond_SingleEXT_i329                   |     0 |     0 |     0 |         |        |     |     |
DEBUG: | cond_MuonShower1_i84                  |     0 |     0 |     0 |         |        |     |     |
DEBUG: | cond_SingleEXT_i334                   |     0 |     0 |     0 |         |        |     |     |
DEBUG: |----------------------------------------------------------------------------------------------|
INFO: writing VHDL modules...
INFO: writing 465 algorithms to 6 module(s)
DEBUG: creating directory: /home/bergauer/L1Menu_Collisions2025_v1_1_1-d11/vhdl
DEBUG: creating directory: /home/bergauer/L1Menu_Collisions2025_v1_1_1-d11/testvectors
DEBUG: creating directory: /home/bergauer/L1Menu_Collisions2025_v1_1_1-d11/xml
DEBUG: creating directory: /home/bergauer/L1Menu_Collisions2025_v1_1_1-d11/doc
DEBUG: creating directory: /home/bergauer/L1Menu_Collisions2025_v1_1_1-d11/vhdl/module_0/src
DEBUG: creating directory: /home/bergauer/L1Menu_Collisions2025_v1_1_1-d11/vhdl/module_1/src
DEBUG: creating directory: /home/bergauer/L1Menu_Collisions2025_v1_1_1-d11/vhdl/module_2/src
DEBUG: creating directory: /home/bergauer/L1Menu_Collisions2025_v1_1_1-d11/vhdl/module_3/src
DEBUG: creating directory: /home/bergauer/L1Menu_Collisions2025_v1_1_1-d11/vhdl/module_4/src
DEBUG: creating directory: /home/bergauer/L1Menu_Collisions2025_v1_1_1-d11/vhdl/module_5/src
INFO: writing output for module: 0
INFO: algo_index.vhd          : /home/bergauer/L1Menu_Collisions2025_v1_1_1-d11/vhdl/module_0/src/algo_index.vhd
INFO: gtl_module_signals.vhd  : /home/bergauer/L1Menu_Collisions2025_v1_1_1-d11/vhdl/module_0/src/gtl_module_signals.vhd
INFO: gtl_module_instances.vhd: /home/bergauer/L1Menu_Collisions2025_v1_1_1-d11/vhdl/module_0/src/gtl_module_instances.vhd
INFO: ugt_constants.vhd       : /home/bergauer/L1Menu_Collisions2025_v1_1_1-d11/vhdl/module_0/src/ugt_constants.vhd
INFO: writing output for module: 1
INFO: algo_index.vhd          : /home/bergauer/L1Menu_Collisions2025_v1_1_1-d11/vhdl/module_1/src/algo_index.vhd
INFO: gtl_module_signals.vhd  : /home/bergauer/L1Menu_Collisions2025_v1_1_1-d11/vhdl/module_1/src/gtl_module_signals.vhd
INFO: gtl_module_instances.vhd: /home/bergauer/L1Menu_Collisions2025_v1_1_1-d11/vhdl/module_1/src/gtl_module_instances.vhd
INFO: ugt_constants.vhd       : /home/bergauer/L1Menu_Collisions2025_v1_1_1-d11/vhdl/module_1/src/ugt_constants.vhd
INFO: writing output for module: 2
INFO: algo_index.vhd          : /home/bergauer/L1Menu_Collisions2025_v1_1_1-d11/vhdl/module_2/src/algo_index.vhd
INFO: gtl_module_signals.vhd  : /home/bergauer/L1Menu_Collisions2025_v1_1_1-d11/vhdl/module_2/src/gtl_module_signals.vhd
INFO: gtl_module_instances.vhd: /home/bergauer/L1Menu_Collisions2025_v1_1_1-d11/vhdl/module_2/src/gtl_module_instances.vhd
INFO: ugt_constants.vhd       : /home/bergauer/L1Menu_Collisions2025_v1_1_1-d11/vhdl/module_2/src/ugt_constants.vhd
INFO: writing output for module: 3
INFO: algo_index.vhd          : /home/bergauer/L1Menu_Collisions2025_v1_1_1-d11/vhdl/module_3/src/algo_index.vhd
INFO: gtl_module_signals.vhd  : /home/bergauer/L1Menu_Collisions2025_v1_1_1-d11/vhdl/module_3/src/gtl_module_signals.vhd
INFO: gtl_module_instances.vhd: /home/bergauer/L1Menu_Collisions2025_v1_1_1-d11/vhdl/module_3/src/gtl_module_instances.vhd
INFO: ugt_constants.vhd       : /home/bergauer/L1Menu_Collisions2025_v1_1_1-d11/vhdl/module_3/src/ugt_constants.vhd
INFO: writing output for module: 4
INFO: algo_index.vhd          : /home/bergauer/L1Menu_Collisions2025_v1_1_1-d11/vhdl/module_4/src/algo_index.vhd
INFO: gtl_module_signals.vhd  : /home/bergauer/L1Menu_Collisions2025_v1_1_1-d11/vhdl/module_4/src/gtl_module_signals.vhd
INFO: gtl_module_instances.vhd: /home/bergauer/L1Menu_Collisions2025_v1_1_1-d11/vhdl/module_4/src/gtl_module_instances.vhd
INFO: ugt_constants.vhd       : /home/bergauer/L1Menu_Collisions2025_v1_1_1-d11/vhdl/module_4/src/ugt_constants.vhd
INFO: writing output for module: 5
INFO: algo_index.vhd          : /home/bergauer/L1Menu_Collisions2025_v1_1_1-d11/vhdl/module_5/src/algo_index.vhd
INFO: gtl_module_signals.vhd  : /home/bergauer/L1Menu_Collisions2025_v1_1_1-d11/vhdl/module_5/src/gtl_module_signals.vhd
INFO: gtl_module_instances.vhd: /home/bergauer/L1Menu_Collisions2025_v1_1_1-d11/vhdl/module_5/src/gtl_module_instances.vhd
INFO: ugt_constants.vhd       : /home/bergauer/L1Menu_Collisions2025_v1_1_1-d11/vhdl/module_5/src/ugt_constants.vhd
DEBUG: creating directory: /home/bergauer/L1Menu_Collisions2025_v1_1_1-d11/xml
INFO: writing updated XML file /home/bergauer/L1Menu_Collisions2025_v1_1_1.xml
INFO: reading source XML menu file /home/bergauer/L1Menu_Collisions2025_v1_1_1.xml
INFO: processing menu "L1Menu_Collisions2025_v1_1_1" ... 
INFO: updating menu information...
INFO: uuid_menu     : 2db5153c-349d-4b74-928f-dc8b2e7b240b
INFO: uuid_firmware : 017ba18d-ca11-4cf2-9c0b-486dd06fe64c
INFO: n_modules     : 6
INFO: writing target XML menu file /home/bergauer/L1Menu_Collisions2025_v1_1_1-d11/xml/L1Menu_Collisions2025_v1_1_1-d11.xml
INFO: generating menu documentation...
INFO: writing HTML documentation /home/bergauer/L1Menu_Collisions2025_v1_1_1-d11/xml/L1Menu_Collisions2025_v1_1_1-d11.xml
INFO: loading XML menu /home/bergauer/L1Menu_Collisions2025_v1_1_1-d11/xml/L1Menu_Collisions2025_v1_1_1-d11.xml
INFO: generating menu documentation...
INFO: writing HTML documentation /home/bergauer/L1Menu_Collisions2025_v1_1_1-d11/doc/L1Menu_Collisions2025_v1_1_1.html
INFO: done.
INFO: writing TWIKI page template /home/bergauer/L1Menu_Collisions2025_v1_1_1-d11/xml/L1Menu_Collisions2025_v1_1_1-d11.xml
INFO: loading XML menu /home/bergauer/L1Menu_Collisions2025_v1_1_1-d11/xml/L1Menu_Collisions2025_v1_1_1-d11.xml
INFO: generating menu documentation...
INFO: writing TWIKI page template /home/bergauer/L1Menu_Collisions2025_v1_1_1-d11/doc/L1Menu_Collisions2025_v1_1_1.twiki
INFO: done.
INFO: patching filenames...
INFO: /home/bergauer/L1Menu_Collisions2025_v1_1_1-d11/doc/L1Menu_Collisions2025_v1_1_1.html --> /home/bergauer/L1Menu_Collisions2025_v1_1_1-d11/doc/L1Menu_Collisions2025_v1_1_1-d11.html
INFO: /home/bergauer/L1Menu_Collisions2025_v1_1_1-d11/doc/L1Menu_Collisions2025_v1_1_1.twiki --> /home/bergauer/L1Menu_Collisions2025_v1_1_1-d11/doc/L1Menu_Collisions2025_v1_1_1-d11.twiki
INFO: done.

